case,play_id,song,start,end,source_start,tempo,treatment,e014_detected,diagnostic,windows,oracle_start_streak,oracle_hold_streak,oracle_start_checks,oracle_hold_checks,query_peaks,query_matched,reference_peaks,reference_matched,maximum_retrieval_confidence,retrieval_high_checks,retrieval_start_checks,retrieval_correct_trajectory_start_checks,active_failed_checks,pending_failed_checks,hash_query_hashes,hash_supported_raw,hash_supported_after_cap,hash_query_supported_fraction,hash_query_supported_fraction_after_cap,hash_reference_hashes,hash_reference_hashes_recovered,hash_reference_recovery_fraction,hash_query_anchors,hash_supported_anchors,hash_supported_anchors_after_cap
gain,clean-t01,t01,7.0,17.0,145.8395238095238,1.0,gain,True,detected,4,4,4,4,4,109,77,101,77,96.434938,12,12,1,0,0,3587,891,559,0.24839698912740452,0.1558405352662392,3307,891,0.2694284850317508,130,92,88
gain,clean-t02,t02,33.0,43.0,181.148231292517,1.0,gain,True,detected,4,4,4,4,4,151,138,149,138,98.792271,12,12,4,0,0,5969,3819,3555,0.6398056625900486,0.5955771486011057,5810,3819,0.6573149741824441,184,164,164
gain,clean-t03,t03,59.0,69.0,377.43632653061223,1.0,gain,True,detected,4,4,4,4,4,164,123,171,123,97.397528,12,12,4,0,0,5982,1693,1567,0.28301571380809093,0.2619525242393848,6118,1693,0.2767244197450147,197,150,150
gain,clean-t04,t04,85.0,95.0,267.9507709750567,1.0,gain,True,detected,4,4,4,4,4,104,91,102,91,98.439938,4,4,4,0,1,4424,2780,2562,0.6283905967450272,0.5791139240506329,4543,2780,0.611930442438917,126,111,110
gain,clean-t05,t05,111.0,121.0,27.81875283446712,1.0,gain,True,detected,4,4,4,4,4,154,139,149,139,98.040176,12,12,4,0,1,5258,2929,2368,0.5570559147965005,0.4503613541270445,5077,2929,0.5769155012802837,184,165,165
gain,clean-t06,t06,137.0,147.0,102.63619047619048,1.0,gain,True,detected,4,4,4,4,4,140,117,141,117,98.486568,12,10,4,0,2,5541,2785,2755,0.5026168561631474,0.4972026709980148,5411,2785,0.5146922934762521,167,140,140
gain,clean-t07,t07,163.0,173.0,245.48938775510203,1.0,gain,True,detected,4,4,4,4,4,167,151,164,151,98.946537,11,10,4,0,0,6217,4372,4190,0.7032330706128358,0.673958500884671,6222,4372,0.7026679524268724,194,175,175
gain,clean-t08,t08,189.0,199.0,169.29913832199546,1.0,gain,True,detected,4,4,4,4,4,123,113,120,113,98.779371,10,6,4,0,0,5371,3899,3852,0.7259355799664867,0.7171848817724819,5371,3899,0.7259355799664867,149,138,138
gain,clean-t09,t09,215.0,225.0,85.31986394557823,1.0,gain,True,detected,4,4,4,4,4,161,114,163,114,97.493734,10,7,4,0,1,6208,1815,1771,0.2923646907216495,0.2852770618556701,6254,1815,0.29021426287176205,190,138,138
gain,clean-t10,t10,241.0,251.0,224.2661678004535,1.0,gain,True,detected,4,4,4,4,4,157,122,153,122,97.882478,12,10,4,0,1,6499,2450,2408,0.37698107401138636,0.3705185413140483,6330,2450,0.38704581358609796,194,149,149
gain,clean-t11,t11,267.0,277.0,95.63020408163266,1.0,gain,True,detected,4,4,4,4,4,128,114,129,114,98.707175,9,8,4,0,1,5024,3267,3108,0.6502786624203821,0.6186305732484076,5124,3267,0.6375878220140515,150,135,135
gain,clean-t12,t12,293.0,303.0,327.0252607709751,1.0,gain,True,detected,4,4,4,4,4,141,118,146,118,98.286938,12,11,4,0,1,5674,2562,2453,0.45153330983433204,0.4323228762777582,5661,2562,0.45257021727609964,172,144,144
gain,clean-t13,t13,319.0,329.0,150.3984580498866,1.0,gain,True,detected,4,4,4,4,4,178,145,177,145,98.168498,10,10,4,0,0,6916,3061,2724,0.4425968768074031,0.3938692886061307,6733,3061,0.4546264666567652,211,170,170
gain,clean-t14,t14,345.0,355.0,335.5096371882086,1.0,gain,True,detected,4,4,4,4,4,139,132,141,132,98.962117,12,12,4,0,0,5954,4369,4027,0.7337924084648976,0.6763520322472287,6099,4369,0.7163469421216593,172,162,162
gain,clean-t15,t15,371.0,381.0,27.396009070294784,1.0,gain,True,detected,4,4,4,4,4,118,97,114,97,98.058252,11,11,4,0,2,4613,2275,2171,0.4931714719271624,0.47062649035334925,4553,2275,0.499670546892159,148,124,124
gain,clean-t16,t16,397.0,407.0,48.45049886621315,1.0,gain,True,detected,4,4,4,4,4,148,131,151,131,98.638993,12,12,4,0,0,5287,3264,3070,0.617363344051447,0.5806695668621146,5232,3264,0.6238532110091743,179,158,158
gain,clean-t17,t17,423.0,433.0,72.70990929705215,1.0,gain,True,detected,4,4,4,4,4,168,149,158,149,98.940678,12,12,4,0,1,6093,4077,3728,0.6691285081240768,0.6118496635483341,5859,4077,0.695852534562212,198,176,176
gain,clean-t18,t18,449.0,459.0,290.65154195011337,1.0,gain,True,detected,4,4,4,4,4,169,169,169,169,99.296023,12,12,4,0,1,5928,5843,5719,0.9856612685560054,0.9647435897435898,5948,5843,0.9823470073974445,198,198,198
gain,clean-t19,t19,475.0,485.0,302.82251700680274,1.0,gain,True,detected,4,4,4,4,4,148,126,151,126,98.394219,5,5,4,0,2,6112,3224,2806,0.5274869109947644,0.45909685863874344,6280,3224,0.513375796178344,174,150,150
gain,clean-t20,t20,501.0,511.0,349.11548752834466,1.0,gain,True,detected,4,4,4,4,4,144,92,146,92,95.530726,9,9,4,0,0,5455,1016,955,0.18625114573785517,0.17506874427131072,5217,1016,0.19474793942879048,169,108,108
gain,clean-t21,t21,527.0,537.0,59.44179138321996,1.0,gain,True,detected,4,4,4,4,4,201,159,203,159,98.328458,12,11,4,0,0,7086,2954,2815,0.41687835167936776,0.39726220716906574,7147,2954,0.41332027424094026,243,195,195
gain,clean-t22,t22,553.0,563.0,214.78142857142856,1.0,gain,True,detected,4,4,4,4,4,134,105,133,105,97.895844,10,9,4,0,0,5492,2104,1916,0.38310269482884196,0.348871085214858,5324,2104,0.39519158527422993,155,121,121
noise_10db,clean-t01,t01,7.0,17.0,145.8395238095238,1.0,noise_10db,True,detected,4,4,4,4,4,86,56,98,56,88.023952,9,9,0,0,1,2746,321,168,0.11689730517115805,0.06117989803350328,3307,321,0.09706682794073178,102,61,49
noise_10db,clean-t02,t02,33.0,43.0,181.148231292517,1.0,noise_10db,True,detected,4,4,4,4,4,123,116,149,116,97.936017,12,12,4,0,0,4960,2386,2198,0.48104838709677417,0.44314516129032255,5810,2386,0.410671256454389,149,139,139
noise_10db,clean-t03,t03,59.0,69.0,377.43632653061223,1.0,noise_10db,True,detected,4,4,4,4,4,161,112,171,112,96.370236,12,12,4,0,0,5700,1234,1127,0.21649122807017543,0.19771929824561404,6118,1234,0.20169990192873488,193,132,132
noise_10db,clean-t04,t04,85.0,95.0,267.9507709750567,1.0,noise_10db,True,detected,4,4,4,4,4,90,82,100,82,98.046875,4,4,4,0,1,3895,2236,2010,0.5740693196405648,0.5160462130937099,4543,2236,0.49218578032137356,111,101,100
noise_10db,clean-t05,t05,111.0,121.0,27.81875283446712,1.0,noise_10db,True,detected,4,4,4,4,4,141,129,149,129,97.404283,11,11,4,0,1,4632,2321,1806,0.5010794473229706,0.3898963730569948,5077,2321,0.45715974000393933,162,146,146
noise_10db,clean-t06,t06,137.0,147.0,102.63619047619048,1.0,noise_10db,True,detected,4,4,4,4,4,116,91,138,91,97.227997,10,10,4,0,1,4679,1508,1490,0.3222910878392819,0.3184441119897414,5411,1508,0.2786915542413602,138,109,109
noise_10db,clean-t07,t07,163.0,173.0,245.48938775510203,1.0,noise_10db,True,detected,4,4,4,4,4,142,115,166,115,97.481108,10,10,4,0,1,5385,1965,1861,0.3649025069637883,0.3455896007428041,6222,1965,0.3158148505303761,167,135,135
noise_10db,clean-t08,t08,189.0,199.0,169.29913832199546,1.0,noise_10db,True,detected,4,4,4,4,4,113,101,120,101,98.345056,7,5,4,0,1,4915,2739,2702,0.5572736520854527,0.5497456765005087,5371,2739,0.5099609011357289,137,123,123
noise_10db,clean-t09,t09,215.0,225.0,85.31986394557823,1.0,noise_10db,True,detected,4,4,4,4,4,122,89,160,89,95.327103,8,5,4,0,0,4926,1012,986,0.2054405196914332,0.2001624035728786,6254,1012,0.1618164374800128,146,106,106
noise_10db,clean-t10,t10,241.0,251.0,224.2661678004535,1.0,noise_10db,True,detected,4,4,4,4,4,96,83,153,83,94.219653,4,4,4,0,1,4081,876,856,0.21465327125704484,0.20975251163930408,6330,876,0.13838862559241707,118,98,98
noise_10db,clean-t11,t11,267.0,277.0,95.63020408163266,1.0,noise_10db,True,detected,4,4,4,4,4,102,85,127,85,96.932515,6,6,4,0,0,3943,1480,1380,0.3753487192493026,0.34998731930002536,5124,1480,0.2888368462138954,119,101,101
noise_10db,clean-t12,t12,293.0,303.0,327.0252607709751,1.0,noise_10db,True,detected,4,4,4,4,4,123,96,146,96,96.899225,11,10,4,0,0,4892,1426,1357,0.2914963205233034,0.27739165985282094,5661,1426,0.2518989577813107,150,116,114
noise_10db,clean-t13,t13,319.0,329.0,150.3984580498866,1.0,noise_10db,True,detected,4,4,4,4,4,105,97,175,97,94.715984,7,7,4,0,0,4286,1124,892,0.26224918338777414,0.20811945870275314,6733,1124,0.16693895737412742,124,113,112
noise_10db,clean-t14,t14,345.0,355.0,335.5096371882086,1.0,noise_10db,True,detected,4,4,4,4,4,119,115,141,115,98.444185,12,12,4,0,0,5060,2920,2680,0.5770750988142292,0.5296442687747036,6099,2920,0.47876701098540747,145,139,139
noise_10db,clean-t15,t15,371.0,381.0,27.396009070294784,1.0,noise_10db,True,detected,4,4,4,4,4,94,72,114,72,95.43379,11,9,4,0,0,3645,1097,1005,0.300960219478738,0.2757201646090535,4553,1097,0.24094003953437293,117,93,93
noise_10db,clean-t16,t16,397.0,407.0,48.45049886621315,1.0,noise_10db,True,detected,4,4,4,4,4,132,111,151,111,97.471555,12,12,4,0,0,4633,1868,1714,0.40319447442262035,0.3699546729980574,5232,1868,0.3570336391437309,157,132,131
noise_10db,clean-t17,t17,423.0,433.0,72.70990929705215,1.0,noise_10db,True,detected,4,4,4,4,4,144,115,158,115,97.624703,10,10,4,0,0,5561,1943,1728,0.3493975903614458,0.3107354792303543,5859,1943,0.33162655743300906,171,133,133
noise_10db,clean-t18,t18,449.0,459.0,290.65154195011337,1.0,noise_10db,True,detected,4,4,4,4,4,116,90,169,90,94.858612,8,8,4,0,1,4119,792,765,0.19227967953386743,0.18572469045884923,5948,792,0.13315400134498992,138,108,108
noise_10db,clean-t19,t19,475.0,485.0,302.82251700680274,1.0,noise_10db,True,detected,4,4,4,4,4,112,100,151,100,96.672213,4,4,4,0,0,4839,1796,1423,0.37115106426947714,0.29406902252531514,6280,1796,0.2859872611464968,135,120,118
noise_10db,clean-t20,t20,501.0,511.0,349.11548752834466,1.0,noise_10db,True,detected,4,4,4,4,4,110,75,145,75,91.919192,8,7,4,0,1,4032,532,495,0.13194444444444445,0.12276785714285714,5217,532,0.10197431474027219,128,84,84
noise_10db,clean-t21,t21,527.0,537.0,59.44179138321996,1.0,noise_10db,True,detected,4,4,4,4,4,171,126,203,126,96.715928,12,11,4,0,0,6180,1632,1530,0.26407766990291265,0.24757281553398058,7147,1632,0.22834755841611865,208,157,157
noise_10db,clean-t22,t22,553.0,563.0,214.78142857142856,1.0,noise_10db,True,detected,4,4,4,4,4,102,91,131,91,96.88716,8,6,4,0,1,4032,1543,1385,0.38268849206349204,0.34350198412698413,5324,1543,0.2898196844477836,116,100,100
noise_0db,clean-t01,t01,7.0,17.0,145.8395238095238,1.0,noise_0db,False,retrieval_confidence_below_gate,4,4,4,4,4,11,9,50,9,2.439024,0,0,0,0,3,20,0,0,0.0,0.0,3307,0,0.0,9,0,0
noise_0db,clean-t02,t02,33.0,43.0,181.148231292517,1.0,noise_0db,True,detected,4,4,4,4,4,53,50,143,50,70.37037,1,1,1,0,6,2085,184,151,0.08824940047961631,0.0724220623501199,5810,184,0.03166953528399311,65,54,52
noise_0db,clean-t03,t03,59.0,69.0,377.43632653061223,1.0,noise_0db,False,retrieval_confidence_below_gate,4,4,4,4,4,53,36,156,36,59.59596,0,0,0,0,1,1874,55,55,0.02934898612593383,0.02934898612593383,6118,55,0.008989865969271003,64,24,24
noise_0db,clean-t04,t04,85.0,95.0,267.9507709750567,1.0,noise_0db,True,detected,4,4,4,4,4,69,53,98,53,92.714026,4,4,4,0,0,2962,629,541,0.212356515867657,0.1826468602295746,4543,629,0.13845476557340963,85,66,66
noise_0db,clean-t05,t05,111.0,121.0,27.81875283446712,1.0,noise_0db,False,retrieval_confidence_below_gate,4,4,4,4,4,45,41,131,41,66.942149,0,0,0,0,5,1250,121,100,0.0968,0.08,5077,121,0.02383297222769352,49,33,30
noise_0db,clean-t06,t06,137.0,147.0,102.63619047619048,1.0,noise_0db,True,detected,4,4,4,4,4,53,40,130,40,72.972973,1,1,1,0,2,1906,135,125,0.0708289611752361,0.06558237145855195,5411,135,0.024949177601182777,64,38,38
noise_0db,clean-t07,t07,163.0,173.0,245.48938775510203,1.0,noise_0db,True,detected,4,4,4,4,4,62,54,154,54,82.45614,2,2,2,0,1,2319,261,247,0.11254851228978008,0.10651142733937041,6222,261,0.041947926711668276,73,52,52
noise_0db,clean-t08,t08,189.0,199.0,169.29913832199546,1.0,noise_0db,True,detected,4,4,4,4,4,84,70,115,70,94.350282,4,4,4,0,0,3790,863,843,0.22770448548812666,0.22242744063324538,5371,863,0.1606777136473655,107,83,83
noise_0db,clean-t09,t09,215.0,225.0,85.31986394557823,1.0,noise_0db,False,retrieval_confidence_below_gate,4,4,4,4,4,42,37,147,37,43.661972,0,0,0,0,2,986,37,35,0.037525354969574036,0.035496957403651115,6254,37,0.0059162136232811,45,23,22
noise_0db,clean-t10,t10,241.0,251.0,224.2661678004535,1.0,noise_0db,False,retrieval_confidence_below_gate,4,4,4,4,4,42,34,145,34,33.333333,0,0,0,0,3,1242,37,30,0.029790660225442835,0.024154589371980676,6330,37,0.005845181674565561,49,19,15
noise_0db,clean-t11,t11,267.0,277.0,95.63020408163266,1.0,noise_0db,False,retrieval_confidence_below_gate,4,4,4,4,4,27,25,99,25,33.333333,0,0,0,0,4,609,34,30,0.05582922824302135,0.04926108374384237,5124,34,0.00663544106167057,36,19,18
noise_0db,clean-t12,t12,293.0,303.0,327.0252607709751,1.0,noise_0db,False,retrieval_confidence_below_gate,4,4,4,4,4,30,26,109,26,36.507937,0,0,0,0,6,522,23,23,0.044061302681992334,0.044061302681992334,5661,23,0.004062886415827592,31,17,17
noise_0db,clean-t13,t13,319.0,329.0,150.3984580498866,1.0,noise_0db,False,retrieval_confidence_below_gate,4,4,4,4,4,64,60,155,60,65.217391,0,0,0,0,1,2378,205,107,0.08620689655172414,0.04499579478553406,6733,205,0.03044705183424922,73,64,47
noise_0db,clean-t14,t14,345.0,355.0,335.5096371882086,1.0,noise_0db,True,detected,4,4,4,4,4,57,54,132,54,82.45614,3,3,3,0,1,2368,260,214,0.1097972972972973,0.09037162162162163,6099,260,0.0426299393343171,70,62,60
noise_0db,clean-t15,t15,371.0,381.0,27.396009070294784,1.0,noise_0db,False,retrieval_confidence_below_gate,4,4,4,4,4,32,27,106,27,36.507937,0,0,0,0,4,610,52,43,0.08524590163934426,0.07049180327868852,4553,52,0.011421041071820778,37,18,16
noise_0db,clean-t16,t16,397.0,407.0,48.45049886621315,1.0,noise_0db,False,retrieval_confidence_below_gate,4,4,4,4,4,58,46,149,46,68.75,0,0,0,0,0,2125,118,89,0.05552941176470588,0.04188235294117647,5232,118,0.022553516819571864,66,38,35
noise_0db,clean-t17,t17,423.0,433.0,72.70990929705215,1.0,noise_0db,False,retrieval_confidence_below_gate,4,4,4,4,4,48,38,139,38,64.60177,0,0,0,0,2,1552,82,79,0.05283505154639175,0.0509020618556701,5859,82,0.013995562382659157,54,32,32
noise_0db,clean-t18,t18,449.0,459.0,290.65154195011337,1.0,noise_0db,False,retrieval_confidence_below_gate,4,4,4,4,4,20,16,128,16,4.761905,0,0,0,0,2,141,3,3,0.02127659574468085,0.02127659574468085,5948,3,0.0005043712172158709,22,3,3
noise_0db,clean-t19,t19,475.0,485.0,302.82251700680274,1.0,noise_0db,True,detected,4,4,4,4,4,86,72,148,72,88.338192,3,3,3,0,1,3606,564,384,0.15640599001663893,0.1064891846921797,6280,564,0.08980891719745222,101,84,76
noise_0db,clean-t20,t20,501.0,511.0,349.11548752834466,1.0,noise_0db,False,retrieval_confidence_below_gate,4,4,4,4,4,30,30,123,30,40.298507,0,0,0,0,3,572,46,31,0.08041958041958042,0.05419580419580419,5217,46,0.008817327966264136,36,22,18
noise_0db,clean-t21,t21,527.0,537.0,59.44179138321996,1.0,noise_0db,False,retrieval_confidence_below_gate,4,4,4,4,4,51,46,193,46,44.444444,0,0,0,0,3,1809,60,53,0.03316749585406302,0.029297954671088998,7147,60,0.008395130824122009,60,38,34
noise_0db,clean-t22,t22,553.0,563.0,214.78142857142856,1.0,noise_0db,True,detected,4,4,4,4,4,61,50,120,50,84.189723,4,4,4,0,4,2120,265,233,0.125,0.1099056603773585,5324,265,0.049774605559729526,67,47,47
voice_0db,clean-t01,t01,7.0,17.0,145.8395238095238,1.0,voice_0db,False,oracle_start_support_insufficient,4,0,0,0,0,148,38,101,38,66.386555,0,0,0,0,2,5591,17,11,0.003040600965837954,0.0019674476837774997,3307,17,0.005140610825521621,172,11,7
voice_0db,clean-t02,t02,33.0,43.0,181.148231292517,1.0,voice_0db,True,detected,4,4,4,4,4,157,79,149,79,88.919668,7,6,3,0,1,6160,410,375,0.06655844155844155,0.060876623376623376,5810,410,0.07056798623063683,186,88,87
voice_0db,clean-t03,t03,59.0,69.0,377.43632653061223,1.0,voice_0db,False,oracle_start_support_insufficient,4,1,4,1,4,188,71,166,71,80.487805,4,2,1,0,3,7117,190,168,0.026696641843473375,0.02360545173528172,6118,190,0.031055900621118012,227,63,62
voice_0db,clean-t04,t04,85.0,95.0,267.9507709750567,1.0,voice_0db,True,detected,4,3,4,3,4,122,65,101,65,93.620415,3,3,3,0,1,5328,726,637,0.13626126126126126,0.11955705705705706,4543,726,0.15980629539951574,149,80,77
voice_0db,clean-t05,t05,111.0,121.0,27.81875283446712,1.0,voice_0db,True,detected,4,4,4,4,4,177,92,147,92,80.582524,7,6,3,0,0,6328,296,195,0.04677623261694058,0.03081542351453856,5077,296,0.05830214693716762,210,87,72
voice_0db,clean-t06,t06,137.0,147.0,102.63619047619048,1.0,voice_0db,True,detected,4,2,4,2,4,160,62,135,62,86.062718,5,2,2,0,0,6488,251,251,0.038686806411837235,0.038686806411837235,5411,251,0.04638698946590279,189,62,62
voice_0db,clean-t07,t07,163.0,173.0,245.48938775510203,1.0,voice_0db,True,detected,4,4,4,4,4,181,91,163,91,91.32321,4,4,4,0,0,7021,622,592,0.08859136875089019,0.08431847315197265,6222,622,0.09996785599485696,211,104,104
voice_0db,clean-t08,t08,189.0,199.0,169.29913832199546,1.0,voice_0db,True,detected,4,4,4,4,4,157,94,120,94,95.731057,4,4,4,0,0,6869,1234,1212,0.179647692531664,0.17644489736497307,5371,1234,0.22975237385961647,190,114,114
voice_0db,clean-t09,t09,215.0,225.0,85.31986394557823,1.0,voice_0db,False,oracle_start_support_insufficient,4,0,4,0,4,172,53,163,53,70.149254,1,0,0,0,0,6870,171,163,0.024890829694323144,0.023726346433770015,6254,171,0.02734250079948833,203,50,49
voice_0db,clean-t10,t10,241.0,251.0,224.2661678004535,1.0,voice_0db,True,detected,4,3,4,3,4,154,65,152,65,82.978723,3,2,2,0,0,6587,335,324,0.050857750113860636,0.04918779413997267,6330,335,0.05292259083728278,191,69,68
voice_0db,clean-t11,t11,267.0,277.0,95.63020408163266,1.0,voice_0db,True,detected,4,2,4,3,4,151,68,129,68,90.825688,4,3,3,0,0,6069,407,373,0.06706211896523315,0.06145987806887461,5124,407,0.07943013270882124,181,74,73
voice_0db,clean-t12,t12,293.0,303.0,327.0252607709751,1.0,voice_0db,True,detected,4,4,4,4,4,169,74,150,74,89.795918,7,4,3,0,0,7020,430,407,0.06125356125356125,0.05797720797720798,5661,430,0.0759583112524289,206,91,90
voice_0db,clean-t13,t13,319.0,329.0,150.3984580498866,1.0,voice_0db,True,detected,4,4,4,4,4,172,85,178,85,88.304094,4,4,4,0,0,6844,458,414,0.06691992986557568,0.06049094097019287,6733,458,0.06802316946383484,202,94,93
voice_0db,clean-t14,t14,345.0,355.0,335.5096371882086,1.0,voice_0db,True,detected,4,4,4,4,4,160,99,139,99,96.539792,9,8,4,0,0,6787,1222,1123,0.18005009577132755,0.1654633858847797,6099,1222,0.20036071487129037,196,113,113
voice_0db,clean-t15,t15,371.0,381.0,27.396009070294784,1.0,voice_0db,False,oracle_start_support_insufficient,4,0,0,0,0,150,38,111,38,55.555556,0,0,0,0,1,5916,45,44,0.007606490872210953,0.0074374577417173765,4553,45,0.00988359323522952,177,22,22
voice_0db,clean-t16,t16,397.0,407.0,48.45049886621315,1.0,voice_0db,True,detected,4,4,4,4,4,181,86,151,86,87.381703,8,5,4,0,1,6650,357,322,0.05368421052631579,0.04842105263157895,5232,357,0.06823394495412843,215,101,93
voice_0db,clean-t17,t17,423.0,433.0,72.70990929705215,1.0,voice_0db,True,detected,4,4,4,4,4,188,97,157,97,93.579454,9,7,4,0,0,7172,649,547,0.09049079754601227,0.07626882320133854,5859,649,0.11076975593104625,215,105,94
voice_0db,clean-t18,t18,449.0,459.0,290.65154195011337,1.0,voice_0db,True,detected,4,4,4,4,4,185,100,168,100,92.687386,6,6,4,0,2,6940,561,532,0.080835734870317,0.07665706051873199,5948,561,0.09431741761936785,214,101,99
voice_0db,clean-t19,t19,475.0,485.0,302.82251700680274,1.0,voice_0db,True,detected,4,4,4,4,4,166,90,151,90,92.805755,4,4,4,0,1,7098,897,742,0.12637362637362637,0.10453648915187377,6280,897,0.1428343949044586,198,109,106
voice_0db,clean-t20,t20,501.0,511.0,349.11548752834466,1.0,voice_0db,False,oracle_start_support_insufficient,4,0,3,0,3,171,54,146,54,67.479675,0,0,0,0,0,6558,129,117,0.019670631290027447,0.017840805123513267,5217,129,0.024726854514088556,196,41,40
voice_0db,clean-t21,t21,527.0,537.0,59.44179138321996,1.0,voice_0db,True,detected,4,3,4,3,4,207,96,203,96,90.074442,8,4,3,0,4,7723,480,446,0.062152013466269584,0.057749579179075486,7147,480,0.06716104659297607,248,105,102
voice_0db,clean-t22,t22,553.0,563.0,214.78142857142856,1.0,voice_0db,False,oracle_start_support_insufficient,4,1,2,2,3,147,55,132,55,79.057592,2,1,1,0,1,6211,199,164,0.03203992915794558,0.02640476573820641,5324,199,0.03737791134485349,173,51,50
combined,clean-t01,t01,7.0,18.363628117913834,145.8395238095238,0.88,combined,False,oracle_start_support_insufficient,5,1,1,2,2,175,56,115,56,68.253968,0,0,0,0,2,5855,154,86,0.026302305721605464,0.014688300597779676,3378,154,0.045589105979869746,195,32,22
combined,clean-t02,t02,34.363628117913834,45.72725623582767,181.148231292517,0.88,combined,True,detected,4,3,4,3,4,150,76,131,74,88.16568,9,4,4,0,1,6767,486,453,0.07181912221072853,0.06694251514703708,5847,486,0.08311954848640328,206,97,97
combined,clean-t03,t03,61.72725623582767,73.0908843537415,377.43632653061223,0.88,combined,True,detected,5,2,5,4,5,194,84,187,83,81.73516,2,2,2,0,4,6693,215,211,0.03212311370088152,0.031525474376213954,6192,215,0.034722222222222224,217,77,75
combined,clean-t04,t04,89.0908843537415,100.4544671201814,267.9507709750567,0.88,combined,False,continuation_or_start_timing,5,2,3,2,4,169,63,114,62,79.274611,4,1,1,0,2,6562,224,193,0.03413593416641268,0.029411764705882353,4543,224,0.04930662557781202,185,64,63
combined,clean-t05,t05,116.4544671201814,127.81809523809524,27.81875283446712,0.88,combined,True,detected,4,4,4,4,4,153,95,127,95,92.277992,10,10,4,0,0,6281,1013,702,0.16128005094730138,0.11176564241362841,5077,1013,0.19952727988969865,216,127,125
combined,clean-t06,t06,143.81809523809522,155.18172335600906,102.63619047619048,0.88,combined,True,detected,5,2,5,3,5,193,79,153,78,86.754967,5,3,3,0,0,7047,339,335,0.04810557684120902,0.047537959415354054,5411,339,0.06265015708741453,203,72,72
combined,clean-t07,t07,171.18172335600906,182.5453514739229,245.48938775510203,0.88,combined,True,detected,5,2,4,2,4,217,86,177,86,84.063745,3,2,2,1,1,7623,282,262,0.03699330972058245,0.034369670733307094,6260,282,0.0450479233226837,235,77,73
combined,clean-t08,t08,198.5453514739229,209.90897959183673,169.29913832199546,0.88,combined,True,detected,4,3,4,3,4,151,66,108,66,85.018727,3,2,2,0,0,7476,433,425,0.057918673087212415,0.056848582129481004,5371,433,0.08061813442561906,204,80,79
combined,clean-t09,t09,225.90897959183673,237.27260770975056,85.31986394557823,0.88,combined,True,detected,4,4,4,4,4,162,77,140,77,88.130564,3,3,3,0,0,7046,402,394,0.05705364745955152,0.05591825149020721,6254,402,0.06427886152862168,212,95,95
combined,clean-t10,t10,253.27260770975056,264.6362358276644,224.2661678004535,0.88,combined,True,detected,5,5,5,5,5,206,101,172,100,91.769547,4,4,4,0,0,7819,548,527,0.07008568870699577,0.06739992326384447,6330,548,0.08657187993680884,227,103,103
combined,clean-t11,t11,280.6362358276644,291.9998639455782,95.63020408163266,0.88,combined,True,detected,4,2,2,2,2,157,55,116,53,82.300885,2,2,2,0,0,6804,258,244,0.03791887125220458,0.035861258083480306,5184,258,0.04976851851851852,212,58,58
combined,clean-t12,t12,307.9998639455782,319.36349206349206,327.0252607709751,0.88,combined,True,detected,4,4,4,4,4,183,88,133,86,91.43469,9,5,4,0,1,8170,570,542,0.06976744186046512,0.06634026927784578,5661,570,0.10068892421833599,254,104,104
combined,clean-t13,t13,335.36349206349206,346.7271201814059,150.3984580498866,0.88,combined,True,detected,5,5,5,5,5,177,85,188,83,86.970684,4,4,4,0,2,6356,385,361,0.0605726872246696,0.056796727501573316,6733,385,0.057181048566760734,191,88,87
combined,clean-t14,t14,362.7271201814059,374.0907482993197,335.5096371882086,0.88,combined,True,detected,4,4,4,4,4,144,78,127,75,91.091314,8,7,4,0,0,6769,751,651,0.1109469641010489,0.09617373319544985,6099,751,0.12313494015412363,195,101,101
combined,clean-t15,t15,390.0907482993197,401.45437641723356,27.396009070294784,0.88,combined,True,detected,4,1,4,2,4,130,51,103,51,82.378855,4,2,2,0,1,5753,240,222,0.04171736485312011,0.0385885624891361,4553,240,0.052712497254557435,177,66,61
combined,clean-t16,t16,417.45437641723356,428.8180045351474,48.45049886621315,0.88,combined,False,retrieved_wrong_trajectory,5,4,5,4,5,202,85,159,84,81.042654,11,1,0,0,2,7424,222,203,0.02990301724137931,0.02734375,5232,222,0.04243119266055046,225,74,69
combined,clean-t17,t17,444.8180045351474,456.18163265306123,72.70990929705215,0.88,combined,True,detected,5,2,5,3,5,193,77,175,76,83.805668,7,6,2,0,2,6823,273,254,0.04001172504763301,0.037227026234794076,5859,273,0.04659498207885305,206,65,63
combined,clean-t18,t18,472.18163265306123,483.54526077097506,290.65154195011337,0.88,combined,False,oracle_start_support_insufficient,4,1,3,1,3,171,65,145,65,81.56682,3,0,0,0,2,7432,213,202,0.028659849300322927,0.027179763186221746,6046,213,0.03522990406880582,238,69,69
combined,clean-t19,t19,499.54526077097506,510.9088888888889,302.82251700680274,0.88,combined,False,oracle_start_support_insufficient,5,1,5,2,5,188,76,159,76,77.777778,2,1,1,0,1,7578,302,208,0.03985220374769068,0.027447875428873055,6318,302,0.04779993668882558,210,83,74
combined,clean-t20,t20,526.9088888888889,538.2725170068027,349.11548752834466,0.88,combined,True,detected,5,5,5,5,5,196,88,159,88,84.90566,6,3,3,0,2,6700,395,365,0.05895522388059701,0.05447761194029851,5217,395,0.07571401188422465,213,83,82
combined,clean-t21,t21,554.2725170068027,565.6361451247166,59.44179138321996,0.88,combined,True,detected,4,4,4,4,4,180,95,172,93,91.051454,10,5,4,0,1,7748,629,593,0.08118224057821373,0.07653588022715539,7147,629,0.0880089548062124,254,117,115
combined,clean-t22,t22,581.6361451247166,592.9997732426303,214.78142857142856,0.88,combined,True,detected,5,2,3,2,3,176,62,145,61,80.295567,4,2,2,2,0,6793,201,185,0.02958928308552922,0.027233917267775652,5324,201,0.037753568745304285,194,52,52
