case,play,song,begin_frame,end_frame,begin,end,query_peaks,query_matched,reference_peaks,reference_matched,verify_q,verify_r,oracle_start,oracle_hold,maximum_retrieval_confidence,native_start_gate_candidates,native_hold_predictions
gain,clean-t01,t01,1378,1723,7.999274376417233,10.001995464852607,22,14,22,14,0.6363636363636364,0.6363636363636364,True,True,86.206897,3,0
gain,clean-t01,t01,1723,2067,10.001995464852607,11.99891156462585,26,18,23,18,0.6923076923076923,0.782608695652174,True,True,93.138937,3,1
gain,clean-t01,t01,2067,2412,11.99891156462585,14.001632653061224,28,21,28,21,0.75,0.75,True,True,94.993742,3,1
gain,clean-t01,t01,2412,2756,14.001632653061224,15.998548752834466,33,24,28,24,0.7272727272727273,0.8571428571428571,True,True,96.434938,3,1
gain,clean-t02,t02,5857,6202,33.99981859410431,36.002539682539684,38,35,38,35,0.9210526315789473,0.9210526315789473,True,True,96.438112,3,0
gain,clean-t02,t02,6202,6546,36.002539682539684,37.99945578231293,35,33,35,33,0.9428571428571428,0.9428571428571428,True,True,97.772829,3,1
gain,clean-t02,t02,6546,6891,37.99945578231293,40.0021768707483,41,37,40,37,0.9024390243902439,0.925,True,True,98.51632,3,1
gain,clean-t02,t02,6891,7235,40.0021768707483,41.999092970521545,37,33,36,33,0.8918918918918919,0.9166666666666666,True,True,98.792271,3,1
gain,clean-t03,t03,10336,10680,60.00036281179138,61.99727891156463,37,27,38,27,0.7297297297297297,0.7105263157894737,True,True,93.197279,3,0
gain,clean-t03,t03,10680,11025,61.99727891156463,64.0,40,27,41,27,0.675,0.6585365853658537,True,True,95.098039,3,1
gain,clean-t03,t03,11025,11370,64.0,66.00272108843538,44,36,48,36,0.8181818181818182,0.75,True,True,96.674979,3,1
gain,clean-t03,t03,11370,11714,66.00272108843538,67.99963718820862,43,33,44,33,0.7674418604651163,0.75,True,True,97.397528,3,1
gain,clean-t04,t04,14815,15159,86.00090702947846,87.9978231292517,19,19,20,19,1.0,0.95,True,True,95.337995,1,0
gain,clean-t04,t04,15159,15504,87.9978231292517,90.00054421768708,31,29,30,29,0.9354838709677419,0.9666666666666667,True,True,97.5,1,1
gain,clean-t04,t04,15504,15848,90.00054421768708,91.99746031746032,28,22,27,22,0.7857142857142857,0.8148148148148148,True,True,97.919917,1,1
gain,clean-t04,t04,15848,16193,91.99746031746032,94.00018140589569,26,21,25,21,0.8076923076923077,0.84,True,True,98.439938,1,1
gain,clean-t05,t05,19294,19638,112.00145124716553,113.99836734693878,35,33,35,33,0.9428571428571428,0.9428571428571428,True,True,96.09375,3,0
gain,clean-t05,t05,19638,19983,113.99836734693878,116.00108843537414,40,36,39,36,0.9,0.9230769230769231,True,True,97.001499,3,1
gain,clean-t05,t05,19983,20327,116.00108843537414,117.99800453514739,42,35,38,35,0.8333333333333334,0.9210526315789473,True,True,97.485858,3,1
gain,clean-t05,t05,20327,20672,117.99800453514739,120.00072562358277,37,35,37,35,0.9459459459459459,0.9459459459459459,True,True,98.040176,3,1
gain,clean-t06,t06,23773,24117,138.0019954648526,139.99891156462584,33,28,32,28,0.8484848484848485,0.875,True,True,95.867769,1,0
gain,clean-t06,t06,24117,24462,139.99891156462584,142.00163265306122,36,31,37,31,0.8611111111111112,0.8378378378378378,True,True,97.450605,3,1
gain,clean-t06,t06,24462,24806,142.00163265306122,143.99854875283447,34,28,36,28,0.8235294117647058,0.7777777777777778,True,True,98.149005,3,1
gain,clean-t06,t06,24806,25151,143.99854875283447,146.00126984126985,37,30,36,30,0.8108108108108109,0.8333333333333334,True,True,98.486568,3,1
gain,clean-t07,t07,28252,28596,164.0025396825397,165.99945578231294,40,37,40,37,0.925,0.925,True,True,96.27907,2,0
gain,clean-t07,t07,28596,28941,165.99945578231294,168.0021768707483,46,40,44,40,0.8695652173913043,0.9090909090909091,True,True,97.873472,2,1
gain,clean-t07,t07,28941,29285,168.0021768707483,169.99909297052153,44,41,44,41,0.9318181818181818,0.9318181818181818,True,True,98.640381,3,1
gain,clean-t07,t07,29285,29630,169.99909297052153,172.0018140589569,37,33,36,33,0.8918918918918919,0.9166666666666666,True,True,98.946537,3,1
gain,clean-t08,t08,32730,33075,189.99727891156462,192.0,35,33,33,33,0.9428571428571428,1.0,True,True,96.95586,2,0
gain,clean-t08,t08,33075,33420,192.0,194.00272108843538,32,26,29,26,0.8125,0.896551724137931,True,True,97.787611,1,1
gain,clean-t08,t08,33420,33764,194.00272108843538,195.99963718820862,35,33,36,33,0.9428571428571428,0.9166666666666666,True,True,98.494543,2,1
gain,clean-t08,t08,33764,34109,195.99963718820862,198.002358276644,21,21,22,21,1.0,0.9545454545454546,True,True,98.779371,1,1
gain,clean-t09,t09,37209,37554,215.9978231292517,218.00054421768706,42,31,43,31,0.7380952380952381,0.7209302325581395,True,True,93.366501,1,0
gain,clean-t09,t09,37554,37898,218.00054421768706,219.9974603174603,39,27,37,27,0.6923076923076923,0.7297297297297297,True,True,95.680346,3,1
gain,clean-t09,t09,37898,38243,219.9974603174603,222.0001814058957,41,27,44,27,0.6585365853658537,0.6136363636363636,True,True,96.548749,1,1
gain,clean-t09,t09,38243,38588,222.0001814058957,224.00290249433107,39,29,39,29,0.7435897435897436,0.7435897435897436,True,True,97.493734,2,1
gain,clean-t10,t10,41688,42033,241.99836734693878,244.00108843537416,43,35,42,35,0.813953488372093,0.8333333333333334,True,True,95.104039,2,0
gain,clean-t10,t10,42033,42377,244.00108843537416,245.9980045351474,44,35,42,35,0.7954545454545454,0.8333333333333334,True,True,96.742671,2,1
gain,clean-t10,t10,42377,42722,245.9980045351474,248.00072562358275,36,27,33,27,0.75,0.8181818181818182,True,True,97.596154,3,1
gain,clean-t10,t10,42722,43066,248.00072562358275,249.997641723356,34,25,36,25,0.7352941176470589,0.6944444444444444,True,True,97.882478,3,1
gain,clean-t11,t11,46167,46512,267.99891156462587,270.0016326530612,31,28,34,28,0.9032258064516129,0.8235294117647058,True,True,95.731057,1,0
gain,clean-t11,t11,46512,46856,270.0016326530612,271.9985487528345,26,19,24,19,0.7307692307692307,0.7916666666666666,True,True,97.052321,2,1
gain,clean-t11,t11,46856,47201,271.9985487528345,274.00126984126985,34,32,36,32,0.9411764705882353,0.8888888888888888,True,True,98.164296,2,1
gain,clean-t11,t11,47201,47545,274.00126984126985,275.99818594104306,37,35,35,35,0.9459459459459459,1.0,True,True,98.707175,3,1
gain,clean-t12,t12,50646,50991,293.9994557823129,296.0021768707483,33,30,36,30,0.9090909090909091,0.8333333333333334,True,True,93.18569,3,0
gain,clean-t12,t12,50991,51335,296.0021768707483,297.99909297052153,39,31,40,31,0.7948717948717948,0.775,True,True,95.753715,3,1
gain,clean-t12,t12,51335,51680,297.99909297052153,300.00181405895694,39,31,38,31,0.7948717948717948,0.8157894736842105,True,True,97.903564,3,1
gain,clean-t12,t12,51680,52024,300.00181405895694,301.99873015873015,30,26,32,26,0.8666666666666667,0.8125,True,True,98.286938,2,1
gain,clean-t13,t13,55125,55470,320.0,322.00272108843535,40,32,39,32,0.8,0.8205128205128205,True,True,94.897959,1,0
gain,clean-t13,t13,55470,55814,322.00272108843535,323.9996371882086,43,35,42,35,0.813953488372093,0.8333333333333334,True,True,96.789727,3,1
gain,clean-t13,t13,55814,56159,323.9996371882086,326.002358276644,52,42,49,42,0.8076923076923077,0.8571428571428571,True,True,97.638725,3,1
gain,clean-t13,t13,56159,56503,326.002358276644,327.99927437641725,43,36,47,36,0.8372093023255814,0.7659574468085106,True,True,98.168498,3,1
gain,clean-t14,t14,59604,59948,346.0005442176871,347.9974603174603,34,31,35,31,0.9117647058823529,0.8857142857142857,True,True,96.572408,3,0
gain,clean-t14,t14,59948,60293,347.9974603174603,350.0001814058957,39,39,40,39,1.0,0.975,True,True,98.233996,3,1
gain,clean-t14,t14,60293,60638,350.0001814058957,352.00290249433107,35,32,35,32,0.9142857142857143,0.9142857142857143,True,True,98.67286,3,1
gain,clean-t14,t14,60638,60982,352.00290249433107,353.9998185941043,31,30,31,30,0.967741935483871,0.967741935483871,True,True,98.962117,3,1
gain,clean-t15,t15,64083,64427,372.00108843537413,373.9980045351474,34,26,32,26,0.7647058823529411,0.8125,True,True,95.412844,2,0
gain,clean-t15,t15,64427,64772,373.9980045351474,376.00072562358275,28,25,26,25,0.8928571428571429,0.9615384615384616,True,True,97.014925,3,1
gain,clean-t15,t15,64772,65116,376.00072562358275,377.997641723356,29,25,31,25,0.8620689655172413,0.8064516129032258,True,True,97.681159,3,1
gain,clean-t15,t15,65116,65461,377.997641723356,380.0003628117914,27,21,25,21,0.7777777777777778,0.84,True,True,98.058252,3,1
gain,clean-t16,t16,68562,68906,398.0016326530612,399.9985487528345,37,33,39,33,0.8918918918918919,0.8461538461538461,True,True,96.161228,3,0
gain,clean-t16,t16,68906,69251,399.9985487528345,402.00126984126985,39,35,40,35,0.8974358974358975,0.875,True,True,97.503121,3,1
gain,clean-t16,t16,69251,69595,402.00126984126985,403.99818594104306,38,33,40,33,0.868421052631579,0.825,True,True,98.297148,3,1
gain,clean-t16,t16,69595,69940,403.99818594104306,406.00090702947847,34,30,32,30,0.8823529411764706,0.9375,True,True,98.638993,3,1
gain,clean-t17,t17,73041,73385,424.0021768707483,425.99909297052153,37,34,36,34,0.918918918918919,0.9444444444444444,True,True,97.300945,3,0
gain,clean-t17,t17,73385,73730,425.99909297052153,428.00181405895694,48,43,46,43,0.8958333333333334,0.9347826086956522,True,True,98.245614,3,1
gain,clean-t17,t17,73730,74074,428.00181405895694,429.99873015873015,48,42,45,42,0.875,0.9333333333333333,True,True,98.732573,3,1
gain,clean-t17,t17,74074,74419,429.99873015873015,432.0014512471655,35,30,31,30,0.8571428571428571,0.967741935483871,True,True,98.940678,3,1
gain,clean-t18,t18,77520,77864,450.00272108843535,451.9996371882086,42,42,42,42,1.0,1.0,True,True,97.988939,3,0
gain,clean-t18,t18,77864,78209,451.9996371882086,454.002358276644,40,40,40,40,1.0,1.0,True,True,98.75815,3,1
gain,clean-t18,t18,78209,78553,454.002358276644,455.99927437641725,41,41,41,41,1.0,1.0,True,True,99.089461,3,1
gain,clean-t18,t18,78553,78898,455.99927437641725,458.0019954648526,46,46,46,46,1.0,1.0,True,True,99.296023,3,1
gain,clean-t19,t19,81998,82343,475.9974603174603,478.0001814058957,32,30,33,30,0.9375,0.9090909090909091,True,True,95.656895,1,0
gain,clean-t19,t19,82343,82688,478.0001814058957,480.00290249433107,39,36,40,36,0.9230769230769231,0.9,True,True,97.546012,1,1
gain,clean-t19,t19,82688,83032,480.00290249433107,481.9998185941043,34,27,33,27,0.7941176470588235,0.8181818181818182,True,True,98.097955,1,1
gain,clean-t19,t19,83032,83377,481.9998185941043,484.0025396825397,43,33,45,33,0.7674418604651163,0.7333333333333333,True,True,98.394219,2,1
gain,clean-t20,t20,86477,86822,501.9980045351474,504.00072562358275,31,19,29,19,0.6129032258064516,0.6551724137931034,True,True,82.978723,1,0
gain,clean-t20,t20,86822,87166,504.00072562358275,505.997641723356,33,21,38,21,0.6363636363636364,0.5526315789473685,True,True,90.909091,2,1
gain,clean-t20,t20,87166,87511,505.997641723356,508.0003628117914,41,27,42,27,0.6585365853658537,0.6428571428571429,True,True,94.108984,3,1
gain,clean-t20,t20,87511,87855,508.0003628117914,509.99727891156465,39,25,37,25,0.6410256410256411,0.6756756756756757,True,True,95.530726,3,1
gain,clean-t21,t21,90956,91301,527.9985487528345,530.0012698412698,50,38,50,38,0.76,0.76,True,True,95.584989,3,0
gain,clean-t21,t21,91301,91645,530.0012698412698,531.9981859410431,48,38,51,38,0.7916666666666666,0.7450980392156863,True,True,96.825397,3,1
gain,clean-t21,t21,91645,91990,531.9981859410431,534.0009070294784,47,38,49,38,0.8085106382978723,0.7755102040816326,True,True,97.749015,3,1
gain,clean-t21,t21,91990,92334,534.0009070294784,535.9978231292517,56,45,53,45,0.8035714285714286,0.8490566037735849,True,True,98.328458,2,1
gain,clean-t22,t22,95435,95780,553.9990929705216,556.0018140589569,33,26,31,26,0.7878787878787878,0.8387096774193549,True,True,94.211288,1,0
gain,clean-t22,t22,95780,96124,556.0018140589569,557.9987301587302,41,30,37,30,0.7317073170731707,0.8108108108108109,True,True,96.190476,3,1
gain,clean-t22,t22,96124,96469,557.9987301587302,560.0014512471655,27,23,30,23,0.8518518518518519,0.7666666666666667,True,True,97.220292,2,1
gain,clean-t22,t22,96469,96813,560.0014512471655,561.9983673469387,33,26,35,26,0.7878787878787878,0.7428571428571429,True,True,97.895844,3,1
noise_10db,clean-t01,t01,1378,1723,7.999274376417233,10.001995464852607,16,11,21,11,0.6875,0.5238095238095238,True,True,63.302752,0,0
noise_10db,clean-t01,t01,1723,2067,10.001995464852607,11.99891156462585,27,15,22,15,0.5555555555555556,0.6818181818181818,True,True,84.67433,3,0
noise_10db,clean-t01,t01,2067,2412,11.99891156462585,14.001632653061224,21,16,28,16,0.7619047619047619,0.5714285714285714,True,True,86.206897,3,0
noise_10db,clean-t01,t01,2412,2756,14.001632653061224,15.998548752834466,22,14,27,14,0.6363636363636364,0.5185185185185185,True,True,88.023952,3,1
noise_10db,clean-t02,t02,5857,6202,33.99981859410431,36.002539682539684,30,30,38,30,1.0,0.7894736842105263,True,True,94.715984,3,0
noise_10db,clean-t02,t02,6202,6546,36.002539682539684,37.99945578231293,30,29,35,29,0.9666666666666667,0.8285714285714286,True,True,96.524761,3,1
noise_10db,clean-t02,t02,6546,6891,37.99945578231293,40.0021768707483,32,30,40,30,0.9375,0.75,True,True,97.395833,3,1
noise_10db,clean-t02,t02,6891,7235,40.0021768707483,41.999092970521545,31,27,36,27,0.8709677419354839,0.75,True,True,97.936017,3,1
noise_10db,clean-t03,t03,10336,10680,60.00036281179138,61.99727891156463,35,25,38,25,0.7142857142857143,0.6578947368421053,True,True,91.03139,3,0
noise_10db,clean-t03,t03,10680,11025,61.99727891156463,64.0,43,27,41,27,0.627906976744186,0.6585365853658537,True,True,94.065282,3,1
noise_10db,clean-t03,t03,11025,11370,64.0,66.00272108843538,43,34,48,34,0.7906976744186046,0.7083333333333334,True,True,95.854922,3,1
noise_10db,clean-t03,t03,11370,11714,66.00272108843538,67.99963718820862,40,26,44,26,0.65,0.5909090909090909,True,True,96.370236,3,1
noise_10db,clean-t04,t04,14815,15159,86.00090702947846,87.9978231292517,19,17,20,17,0.8947368421052632,0.85,True,True,93.855607,1,0
noise_10db,clean-t04,t04,15159,15504,87.9978231292517,90.00054421768708,29,29,30,29,1.0,0.9666666666666667,True,True,97.054492,1,1
noise_10db,clean-t04,t04,15504,15848,90.00054421768708,91.99746031746032,20,17,25,17,0.85,0.68,True,True,97.390737,1,1
noise_10db,clean-t04,t04,15848,16193,91.99746031746032,94.00018140589569,22,19,25,19,0.8636363636363636,0.76,True,True,98.046875,1,1
noise_10db,clean-t05,t05,19294,19638,112.00145124716553,113.99836734693878,33,30,35,30,0.9090909090909091,0.8571428571428571,True,True,93.660856,2,0
noise_10db,clean-t05,t05,19638,19983,113.99836734693878,116.00108843537414,35,32,39,32,0.9142857142857143,0.8205128205128205,True,True,95.584989,3,1
noise_10db,clean-t05,t05,19983,20327,116.00108843537414,117.99800453514739,37,33,38,33,0.8918918918918919,0.868421052631579,True,True,96.624473,3,1
noise_10db,clean-t05,t05,20327,20672,117.99800453514739,120.00072562358277,36,34,37,34,0.9444444444444444,0.918918918918919,True,True,97.404283,3,1
noise_10db,clean-t06,t06,23773,24117,138.0019954648526,139.99891156462584,28,27,32,27,0.9642857142857143,0.84375,True,True,94.858612,1,0
noise_10db,clean-t06,t06,24117,24462,139.99891156462584,142.00163265306122,29,20,34,20,0.6896551724137931,0.5882352941176471,True,True,95.753715,3,1
noise_10db,clean-t06,t06,24462,24806,142.00163265306122,143.99854875283447,29,20,36,20,0.6896551724137931,0.5555555555555556,True,True,96.551724,3,1
noise_10db,clean-t06,t06,24806,25151,143.99854875283447,146.00126984126985,30,24,36,24,0.8,0.6666666666666666,True,True,97.227997,3,1
noise_10db,clean-t07,t07,28252,28596,164.0025396825397,165.99945578231294,37,29,40,29,0.7837837837837838,0.725,True,True,92.125984,1,0
noise_10db,clean-t07,t07,28596,28941,165.99945578231294,168.0021768707483,41,32,46,32,0.7804878048780488,0.6956521739130435,True,True,95.203837,3,1
noise_10db,clean-t07,t07,28941,29285,168.0021768707483,169.99909297052153,36,30,44,30,0.8333333333333334,0.6818181818181818,True,True,96.971991,3,1
noise_10db,clean-t07,t07,29285,29630,169.99909297052153,172.0018140589569,28,24,36,24,0.8571428571428571,0.6666666666666666,True,True,97.481108,3,1
noise_10db,clean-t08,t08,32730,33075,189.99727891156462,192.0,33,29,33,29,0.8787878787878788,0.8787878787878788,True,True,95.963673,1,0
noise_10db,clean-t08,t08,33075,33420,192.0,194.00272108843538,30,24,29,24,0.8,0.8275862068965517,True,True,97.237569,1,1
noise_10db,clean-t08,t08,33420,33764,194.00272108843538,195.99963718820862,31,30,36,30,0.967741935483871,0.8333333333333334,True,True,98.00896,2,1
noise_10db,clean-t08,t08,33764,34109,195.99963718820862,198.002358276644,19,18,22,18,0.9473684210526315,0.8181818181818182,True,True,98.345056,1,1
noise_10db,clean-t09,t09,37209,37554,215.9978231292517,218.00054421768706,36,24,43,24,0.6666666666666666,0.5581395348837209,True,True,85.018727,1,0
noise_10db,clean-t09,t09,37554,37898,218.00054421768706,219.9974603174603,28,21,36,21,0.75,0.5833333333333334,True,True,92.079208,2,1
noise_10db,clean-t09,t09,37898,38243,219.9974603174603,222.0001814058957,28,19,43,19,0.6785714285714286,0.4418604651162791,True,True,93.031359,1,1
noise_10db,clean-t09,t09,38243,38588,222.0001814058957,224.00290249433107,30,25,38,25,0.8333333333333334,0.6578947368421053,True,True,95.327103,1,1
noise_10db,clean-t10,t10,41688,42033,241.99836734693878,244.00108843537416,29,26,42,26,0.896551724137931,0.6190476190476191,True,True,88.372093,1,0
noise_10db,clean-t10,t10,42033,42377,244.00108843537416,245.9980045351474,25,22,42,22,0.88,0.5238095238095238,True,True,91.649269,1,1
noise_10db,clean-t10,t10,42377,42722,245.9980045351474,248.00072562358275,22,19,33,19,0.8636363636363636,0.5757575757575758,True,True,93.589744,1,1
noise_10db,clean-t10,t10,42722,43066,248.00072562358275,249.997641723356,20,16,36,16,0.8,0.4444444444444444,True,True,94.219653,1,1
noise_10db,clean-t11,t11,46167,46512,267.99891156462587,270.0016326530612,25,19,33,19,0.76,0.5757575757575758,True,True,87.179487,1,0
noise_10db,clean-t11,t11,46512,46856,270.0016326530612,271.9985487528345,22,19,24,19,0.8636363636363636,0.7916666666666666,True,True,93.506494,1,1
noise_10db,clean-t11,t11,46856,47201,271.9985487528345,274.00126984126985,25,20,35,20,0.8,0.5714285714285714,True,True,95.459705,1,1
noise_10db,clean-t11,t11,47201,47545,274.00126984126985,275.99818594104306,30,27,35,27,0.9,0.7714285714285715,True,True,96.932515,3,1
noise_10db,clean-t12,t12,50646,50991,293.9994557823129,296.0021768707483,33,26,36,26,0.7878787878787878,0.7222222222222222,True,True,91.452991,2,0
noise_10db,clean-t12,t12,50991,51335,296.0021768707483,297.99909297052153,28,21,40,21,0.75,0.525,True,True,93.366501,3,1
noise_10db,clean-t12,t12,51335,51680,297.99909297052153,300.00181405895694,36,26,38,26,0.7222222222222222,0.6842105263157895,True,True,96.135266,3,1
noise_10db,clean-t12,t12,51680,52024,300.00181405895694,301.99873015873015,26,23,32,23,0.8846153846153846,0.71875,True,True,96.899225,2,1
noise_10db,clean-t13,t13,55125,55470,320.0,322.00272108843535,23,23,39,23,1.0,0.5897435897435898,True,True,88.095238,1,0
noise_10db,clean-t13,t13,55470,55814,322.00272108843535,323.9996371882086,23,21,42,21,0.9130434782608695,0.5,True,True,90.888383,1,1
noise_10db,clean-t13,t13,55814,56159,323.9996371882086,326.002358276644,31,29,47,29,0.9354838709677419,0.6170212765957447,True,True,93.288591,2,1
noise_10db,clean-t13,t13,56159,56503,326.002358276644,327.99927437641725,28,24,47,24,0.8571428571428571,0.5106382978723404,True,True,94.715984,3,1
noise_10db,clean-t14,t14,59604,59948,346.0005442176871,347.9974603174603,27,26,35,26,0.9629629629629629,0.7428571428571429,True,True,94.444444,3,0
noise_10db,clean-t14,t14,59948,60293,347.9974603174603,350.0001814058957,37,36,40,36,0.972972972972973,0.9,True,True,97.477932,3,1
noise_10db,clean-t14,t14,60293,60638,350.0001814058957,352.00290249433107,30,28,35,28,0.9333333333333333,0.8,True,True,98.122066,3,1
noise_10db,clean-t14,t14,60638,60982,352.00290249433107,353.9998185941043,25,25,31,25,1.0,0.8064516129032258,True,True,98.444185,3,1
noise_10db,clean-t15,t15,64083,64427,372.00108843537413,373.9980045351474,30,21,32,21,0.7,0.65625,True,True,88.095238,2,0
noise_10db,clean-t15,t15,64427,64772,373.9980045351474,376.00072562358275,18,15,26,15,0.8333333333333334,0.5769230769230769,True,True,91.208791,3,1
noise_10db,clean-t15,t15,64772,65116,376.00072562358275,377.997641723356,27,19,31,19,0.7037037037037037,0.6129032258064516,True,True,92.831541,1,1
noise_10db,clean-t15,t15,65116,65461,377.997641723356,380.0003628117914,19,17,25,17,0.8947368421052632,0.68,True,True,95.43379,3,1
noise_10db,clean-t16,t16,68562,68906,398.0016326530612,399.9985487528345,31,27,39,27,0.8709677419354839,0.6923076923076923,True,True,92.606285,3,0
noise_10db,clean-t16,t16,68906,69251,399.9985487528345,402.00126984126985,35,30,40,30,0.8571428571428571,0.75,True,True,95.180723,3,1
noise_10db,clean-t16,t16,69251,69595,402.00126984126985,403.99818594104306,35,27,40,27,0.7714285714285715,0.675,True,True,96.624473,3,1
noise_10db,clean-t16,t16,69595,69940,403.99818594104306,406.00090702947847,31,27,32,27,0.8709677419354839,0.84375,True,True,97.471555,3,1
noise_10db,clean-t17,t17,73041,73385,424.0021768707483,425.99909297052153,34,25,36,25,0.7352941176470589,0.6944444444444444,True,True,91.88641,1,0
noise_10db,clean-t17,t17,73385,73730,425.99909297052153,428.00181405895694,36,29,46,29,0.8055555555555556,0.6304347826086957,True,True,94.69496,3,1
noise_10db,clean-t17,t17,73730,74074,428.00181405895694,429.99873015873015,44,37,45,37,0.8409090909090909,0.8222222222222222,True,True,96.946565,3,1
noise_10db,clean-t17,t17,74074,74419,429.99873015873015,432.0014512471655,30,24,31,24,0.8,0.7741935483870968,True,True,97.624703,3,1
noise_10db,clean-t18,t18,77520,77864,450.00272108843535,451.9996371882086,31,21,42,21,0.6774193548387096,0.5,True,True,86.970684,1,0
noise_10db,clean-t18,t18,77864,78209,451.9996371882086,454.002358276644,25,18,40,18,0.72,0.45,True,True,90.26764,1,1
noise_10db,clean-t18,t18,78209,78553,454.002358276644,455.99927437641725,31,27,41,27,0.8709677419354839,0.6585365853658537,True,True,93.38843,3,1
noise_10db,clean-t18,t18,78553,78898,455.99927437641725,458.0019954648526,29,24,46,24,0.8275862068965517,0.5217391304347826,True,True,94.858612,3,1
noise_10db,clean-t19,t19,81998,82343,475.9974603174603,478.0001814058957,21,20,33,20,0.9523809523809523,0.6060606060606061,True,True,85.663082,1,0
noise_10db,clean-t19,t19,82343,82688,478.0001814058957,480.00290249433107,25,24,40,24,0.96,0.6,True,True,91.752577,1,1
noise_10db,clean-t19,t19,82688,83032,480.00290249433107,481.9998185941043,30,22,33,22,0.7333333333333333,0.6666666666666666,True,True,94.645248,1,1
noise_10db,clean-t19,t19,83032,83377,481.9998185941043,484.0025396825397,36,34,45,34,0.9444444444444444,0.7555555555555555,True,True,96.672213,1,1
noise_10db,clean-t20,t20,86477,86822,501.9980045351474,504.00072562358275,19,16,29,16,0.8421052631578947,0.5517241379310345,True,True,79.057592,1,0
noise_10db,clean-t20,t20,86822,87166,504.00072562358275,505.997641723356,23,17,37,17,0.7391304347826086,0.4594594594594595,True,True,84.962406,1,1
noise_10db,clean-t20,t20,87166,87511,505.997641723356,508.0003628117914,38,22,42,22,0.5789473684210527,0.5238095238095238,True,True,89.38992,2,1
noise_10db,clean-t20,t20,87511,87855,508.0003628117914,509.99727891156465,30,20,37,20,0.6666666666666666,0.5405405405405406,True,True,91.919192,3,1
noise_10db,clean-t21,t21,90956,91301,527.9985487528345,530.0012698412698,41,31,50,31,0.7560975609756098,0.62,True,True,91.701245,3,0
noise_10db,clean-t21,t21,91301,91645,530.0012698412698,531.9981859410431,42,31,51,31,0.7380952380952381,0.6078431372549019,True,True,94.194485,3,1
noise_10db,clean-t21,t21,91645,91990,531.9981859410431,534.0009070294784,41,29,49,29,0.7073170731707317,0.5918367346938775,True,True,95.63795,3,1
noise_10db,clean-t21,t21,91990,92334,534.0009070294784,535.9978231292517,47,35,53,35,0.7446808510638298,0.660377358490566,True,True,96.715928,2,1
noise_10db,clean-t22,t22,95435,95780,553.9990929705216,556.0018140589569,23,22,31,22,0.9565217391304348,0.7096774193548387,True,True,91.150442,1,0
noise_10db,clean-t22,t22,95780,96124,556.0018140589569,557.9987301587302,33,28,37,28,0.8484848484848485,0.7567567567567568,True,True,94.729908,1,1
noise_10db,clean-t22,t22,96124,96469,557.9987301587302,560.0014512471655,21,18,29,18,0.8571428571428571,0.6206896551724138,True,True,95.731057,2,1
noise_10db,clean-t22,t22,96469,96813,560.0014512471655,561.9983673469387,25,23,34,23,0.92,0.6764705882352942,True,True,96.88716,2,1
noise_0db,clean-t01,t01,1378,1723,7.999274376417233,10.001995464852607,1,1,6,1,1.0,0.16666666666666666,True,True,2.439024,0,0
noise_0db,clean-t01,t01,1723,2067,10.001995464852607,11.99891156462585,5,4,18,4,0.8,0.2222222222222222,True,True,2.439024,0,0
noise_0db,clean-t01,t01,2067,2412,11.99891156462585,14.001632653061224,3,2,21,2,0.6666666666666666,0.09523809523809523,True,True,2.439024,0,0
noise_0db,clean-t01,t01,2412,2756,14.001632653061224,15.998548752834466,2,2,5,2,1.0,0.4,True,True,2.439024,0,0
noise_0db,clean-t02,t02,5857,6202,33.99981859410431,36.002539682539684,11,10,38,10,0.9090909090909091,0.2631578947368421,True,True,29.824561,0,0
noise_0db,clean-t02,t02,6202,6546,36.002539682539684,37.99945578231293,16,15,34,15,0.9375,0.4411764705882353,True,True,54.022989,0,0
noise_0db,clean-t02,t02,6546,6891,37.99945578231293,40.0021768707483,14,13,36,13,0.9285714285714286,0.3611111111111111,True,True,60.0,0,0
noise_0db,clean-t02,t02,6891,7235,40.0021768707483,41.999092970521545,12,12,35,12,1.0,0.34285714285714286,True,True,70.37037,1,0
noise_0db,clean-t03,t03,10336,10680,60.00036281179138,61.99727891156463,12,8,35,8,0.6666666666666666,0.22857142857142856,True,True,37.5,0,0
noise_0db,clean-t03,t03,10680,11025,61.99727891156463,64.0,12,7,36,7,0.5833333333333334,0.19444444444444445,True,True,40.298507,0,0
noise_0db,clean-t03,t03,11025,11370,64.0,66.00272108843538,16,12,43,12,0.75,0.27906976744186046,True,True,59.183673,0,0
noise_0db,clean-t03,t03,11370,11714,66.00272108843538,67.99963718820862,13,9,42,9,0.6923076923076923,0.21428571428571427,True,True,59.59596,0,0
noise_0db,clean-t04,t04,14815,15159,86.00090702947846,87.9978231292517,12,9,20,9,0.75,0.45,True,True,73.509934,1,0
noise_0db,clean-t04,t04,15159,15504,87.9978231292517,90.00054421768708,24,19,30,19,0.7916666666666666,0.6333333333333333,True,True,86.970684,1,1
noise_0db,clean-t04,t04,15504,15848,90.00054421768708,91.99746031746032,17,13,25,13,0.7647058823529411,0.52,True,True,89.130435,1,1
noise_0db,clean-t04,t04,15848,16193,91.99746031746032,94.00018140589569,16,12,23,12,0.75,0.5217391304347826,True,True,92.714026,1,1
noise_0db,clean-t05,t05,19294,19638,112.00145124716553,113.99836734693878,14,12,30,12,0.8571428571428571,0.4,True,True,55.555556,0,0
noise_0db,clean-t05,t05,19638,19983,113.99836734693878,116.00108843537414,11,11,38,11,1.0,0.2894736842105263,True,True,59.59596,0,0
noise_0db,clean-t05,t05,19983,20327,116.00108843537414,117.99800453514739,11,9,34,9,0.8181818181818182,0.2647058823529412,True,True,63.302752,0,0
noise_0db,clean-t05,t05,20327,20672,117.99800453514739,120.00072562358277,9,9,29,9,1.0,0.3103448275862069,True,True,66.942149,0,0
noise_0db,clean-t06,t06,23773,24117,138.0019954648526,139.99891156462584,11,7,24,7,0.6363636363636364,0.2916666666666667,True,True,33.333333,0,0
noise_0db,clean-t06,t06,24117,24462,139.99891156462584,142.00163265306122,14,12,34,12,0.8571428571428571,0.35294117647058826,True,True,44.444444,0,0
noise_0db,clean-t06,t06,24462,24806,142.00163265306122,143.99854875283447,13,8,36,8,0.6153846153846154,0.2222222222222222,True,True,58.762887,0,0
noise_0db,clean-t06,t06,24806,25151,143.99854875283447,146.00126984126985,15,13,36,13,0.8666666666666667,0.3611111111111111,True,True,72.972973,1,0
noise_0db,clean-t07,t07,28252,28596,164.0025396825397,165.99945578231294,17,16,40,16,0.9411764705882353,0.4,True,True,56.043956,0,0
noise_0db,clean-t07,t07,28596,28941,165.99945578231294,168.0021768707483,16,13,39,13,0.8125,0.3333333333333333,True,True,65.217391,0,0
noise_0db,clean-t07,t07,28941,29285,168.0021768707483,169.99909297052153,17,17,40,17,1.0,0.425,True,True,78.723404,1,0
noise_0db,clean-t07,t07,29285,29630,169.99909297052153,172.0018140589569,12,8,35,8,0.6666666666666666,0.22857142857142856,True,True,82.45614,1,1
noise_0db,clean-t08,t08,32730,33075,189.99727891156462,192.0,24,20,32,20,0.8333333333333334,0.625,True,True,83.539095,1,0
noise_0db,clean-t08,t08,33075,33420,192.0,194.00272108843538,20,15,29,15,0.75,0.5172413793103449,True,True,89.769821,1,1
noise_0db,clean-t08,t08,33420,33764,194.00272108843538,195.99963718820862,24,21,34,21,0.875,0.6176470588235294,True,True,92.818671,1,1
noise_0db,clean-t08,t08,33764,34109,195.99963718820862,198.002358276644,16,14,20,14,0.875,0.7,True,True,94.350282,1,1
noise_0db,clean-t09,t09,37209,37554,215.9978231292517,218.00054421768706,14,13,42,13,0.9285714285714286,0.30952380952380953,True,True,21.568627,0,0
noise_0db,clean-t09,t09,37554,37898,218.00054421768706,219.9974603174603,8,7,37,7,0.875,0.1891891891891892,True,True,33.333333,0,0
noise_0db,clean-t09,t09,37898,38243,219.9974603174603,222.0001814058957,9,8,33,8,0.8888888888888888,0.24242424242424243,True,True,37.5,0,0
noise_0db,clean-t09,t09,38243,38588,222.0001814058957,224.00290249433107,11,9,35,9,0.8181818181818182,0.2571428571428571,True,True,43.661972,0,0
noise_0db,clean-t10,t10,41688,42033,241.99836734693878,244.00108843537416,10,8,40,8,0.8,0.2,True,True,20.0,0,0
noise_0db,clean-t10,t10,42033,42377,244.00108843537416,245.9980045351474,10,9,38,9,0.9,0.23684210526315788,True,True,23.076923,0,0
noise_0db,clean-t10,t10,42377,42722,245.9980045351474,248.00072562358275,10,7,33,7,0.7,0.21212121212121213,True,True,24.528302,0,0
noise_0db,clean-t10,t10,42722,43066,248.00072562358275,249.997641723356,12,10,34,10,0.8333333333333334,0.29411764705882354,True,True,33.333333,0,0
noise_0db,clean-t11,t11,46167,46512,267.99891156462587,270.0016326530612,4,4,26,4,1.0,0.15384615384615385,True,True,4.761905,0,0
noise_0db,clean-t11,t11,46512,46856,270.0016326530612,271.9985487528345,5,5,18,5,1.0,0.2777777777777778,True,True,9.090909,0,0
noise_0db,clean-t11,t11,46856,47201,271.9985487528345,274.00126984126985,7,7,25,7,1.0,0.28,True,True,28.571429,0,0
noise_0db,clean-t11,t11,47201,47545,274.00126984126985,275.99818594104306,11,9,30,9,0.8181818181818182,0.3,True,True,33.333333,0,0
noise_0db,clean-t12,t12,50646,50991,293.9994557823129,296.0021768707483,7,7,36,7,1.0,0.19444444444444445,True,True,13.043478,0,0
noise_0db,clean-t12,t12,50991,51335,296.0021768707483,297.99909297052153,3,3,17,3,1.0,0.17647058823529413,True,True,13.043478,0,0
noise_0db,clean-t12,t12,51335,51680,297.99909297052153,300.00181405895694,15,11,38,11,0.7333333333333333,0.2894736842105263,True,True,34.42623,0,0
noise_0db,clean-t12,t12,51680,52024,300.00181405895694,301.99873015873015,5,5,18,5,1.0,0.2777777777777778,True,True,36.507937,0,0
noise_0db,clean-t13,t13,55125,55470,320.0,322.00272108843535,17,15,33,15,0.8823529411764706,0.45454545454545453,True,True,47.368421,0,0
noise_0db,clean-t13,t13,55470,55814,322.00272108843535,323.9996371882086,12,11,36,11,0.9166666666666666,0.3055555555555556,True,True,52.941176,0,0
noise_0db,clean-t13,t13,55814,56159,323.9996371882086,326.002358276644,20,20,47,20,1.0,0.425531914893617,True,True,61.904762,0,0
noise_0db,clean-t13,t13,56159,56503,326.002358276644,327.99927437641725,15,14,39,14,0.9333333333333333,0.358974358974359,True,True,65.217391,0,0
noise_0db,clean-t14,t14,59604,59948,346.0005442176871,347.9974603174603,13,13,29,13,1.0,0.4482758620689655,True,True,55.555556,0,0
noise_0db,clean-t14,t14,59948,60293,347.9974603174603,350.0001814058957,17,16,40,16,0.9411764705882353,0.4,True,True,71.631206,1,0
noise_0db,clean-t14,t14,60293,60638,350.0001814058957,352.00290249433107,14,12,32,12,0.8571428571428571,0.375,True,True,77.011494,1,1
noise_0db,clean-t14,t14,60638,60982,352.00290249433107,353.9998185941043,13,13,31,13,1.0,0.41935483870967744,True,True,82.45614,1,1
noise_0db,clean-t15,t15,64083,64427,372.00108843537413,373.9980045351474,8,7,32,7,0.875,0.21875,True,True,11.111111,0,0
noise_0db,clean-t15,t15,64427,64772,373.9980045351474,376.00072562358275,6,5,26,5,0.8333333333333334,0.19230769230769232,True,True,14.893617,0,0
noise_0db,clean-t15,t15,64772,65116,376.00072562358275,377.997641723356,8,7,31,7,0.875,0.22580645161290322,True,True,18.367347,0,0
noise_0db,clean-t15,t15,65116,65461,377.997641723356,380.0003628117914,10,8,17,8,0.8,0.47058823529411764,True,True,36.507937,0,0
noise_0db,clean-t16,t16,68562,68906,398.0016326530612,399.9985487528345,14,11,38,11,0.7857142857142857,0.2894736842105263,True,True,45.205479,0,0
noise_0db,clean-t16,t16,68906,69251,399.9985487528345,402.00126984126985,16,14,40,14,0.875,0.35,True,True,57.894737,0,0
noise_0db,clean-t16,t16,69251,69595,402.00126984126985,403.99818594104306,15,12,40,12,0.8,0.3,True,True,63.963964,0,0
noise_0db,clean-t16,t16,69595,69940,403.99818594104306,406.00090702947847,13,9,31,9,0.6923076923076923,0.2903225806451613,True,True,68.75,0,0
noise_0db,clean-t17,t17,73041,73385,424.0021768707483,425.99909297052153,13,9,25,9,0.6923076923076923,0.36,True,True,18.367347,0,0
noise_0db,clean-t17,t17,73385,73730,425.99909297052153,428.00181405895694,8,6,41,6,0.75,0.14634146341463414,True,True,21.568627,0,0
noise_0db,clean-t17,t17,73730,74074,428.00181405895694,429.99873015873015,17,15,45,15,0.8823529411764706,0.3333333333333333,True,True,56.043956,0,0
noise_0db,clean-t17,t17,74074,74419,429.99873015873015,432.0014512471655,10,8,28,8,0.8,0.2857142857142857,True,True,64.60177,0,0
noise_0db,clean-t18,t18,77520,77864,450.00272108843535,451.9996371882086,7,6,42,6,0.8571428571428571,0.14285714285714285,True,True,4.761905,0,0
noise_0db,clean-t18,t18,77864,78209,451.9996371882086,454.002358276644,4,4,16,4,1.0,0.25,True,True,4.761905,0,0
noise_0db,clean-t18,t18,78209,78553,454.002358276644,455.99927437641725,4,3,32,3,0.75,0.09375,True,True,4.761905,0,0
noise_0db,clean-t18,t18,78553,78898,455.99927437641725,458.0019954648526,5,3,38,3,0.6,0.07894736842105263,True,True,4.761905,0,0
noise_0db,clean-t19,t19,81998,82343,475.9974603174603,478.0001814058957,18,16,33,16,0.8888888888888888,0.48484848484848486,True,True,60.784314,0,0
noise_0db,clean-t19,t19,82343,82688,478.0001814058957,480.00290249433107,22,19,40,19,0.8636363636363636,0.475,True,True,77.40113,1,0
noise_0db,clean-t19,t19,82688,83032,480.00290249433107,481.9998185941043,19,17,31,17,0.8947368421052632,0.5483870967741935,True,True,85.185185,1,1
noise_0db,clean-t19,t19,83032,83377,481.9998185941043,484.0025396825397,27,20,44,20,0.7407407407407407,0.45454545454545453,True,True,88.338192,1,1
noise_0db,clean-t20,t20,86477,86822,501.9980045351474,504.00072562358275,6,6,17,6,1.0,0.35294117647058826,True,True,14.893617,0,0
noise_0db,clean-t20,t20,86822,87166,504.00072562358275,505.997641723356,7,7,32,7,1.0,0.21875,True,True,25.925926,0,0
noise_0db,clean-t20,t20,87166,87511,505.997641723356,508.0003628117914,8,8,41,8,1.0,0.1951219512195122,True,True,32.20339,0,0
noise_0db,clean-t20,t20,87511,87855,508.0003628117914,509.99727891156465,9,9,33,9,1.0,0.2727272727272727,True,True,40.298507,0,0
noise_0db,clean-t21,t21,90956,91301,527.9985487528345,530.0012698412698,13,11,50,11,0.8461538461538461,0.22,True,True,31.034483,0,0
noise_0db,clean-t21,t21,91301,91645,530.0012698412698,531.9981859410431,13,11,51,11,0.8461538461538461,0.21568627450980393,True,True,35.483871,0,0
noise_0db,clean-t21,t21,91645,91990,531.9981859410431,534.0009070294784,15,14,44,14,0.9333333333333333,0.3181818181818182,True,True,43.661972,0,0
noise_0db,clean-t21,t21,91990,92334,534.0009070294784,535.9978231292517,10,10,48,10,1.0,0.20833333333333334,True,True,44.444444,0,0
noise_0db,clean-t22,t22,95435,95780,553.9990929705216,556.0018140589569,14,12,22,12,0.8571428571428571,0.5454545454545454,True,True,70.149254,1,0
noise_0db,clean-t22,t22,95780,96124,556.0018140589569,557.9987301587302,21,18,37,18,0.8571428571428571,0.4864864864864865,True,True,81.308411,1,0
noise_0db,clean-t22,t22,96124,96469,557.9987301587302,560.0014512471655,12,9,27,9,0.75,0.3333333333333333,True,True,83.122363,1,1
noise_0db,clean-t22,t22,96469,96813,560.0014512471655,561.9983673469387,14,11,34,11,0.7857142857142857,0.3235294117647059,True,True,84.189723,1,1
voice_0db,clean-t01,t01,1378,1723,7.999274376417233,10.001995464852607,36,10,22,10,0.2777777777777778,0.45454545454545453,False,False,32.20339,0,0
voice_0db,clean-t01,t01,1723,2067,10.001995464852607,11.99891156462585,35,7,23,7,0.2,0.30434782608695654,False,False,40.298507,0,0
voice_0db,clean-t01,t01,2067,2412,11.99891156462585,14.001632653061224,35,9,28,9,0.2571428571428571,0.32142857142857145,False,False,64.285714,0,0
voice_0db,clean-t01,t01,2412,2756,14.001632653061224,15.998548752834466,42,12,28,12,0.2857142857142857,0.42857142857142855,False,False,66.386555,0,0
voice_0db,clean-t02,t02,5857,6202,33.99981859410431,36.002539682539684,40,20,38,20,0.5,0.5263157894736842,True,True,67.213115,0,0
voice_0db,clean-t02,t02,6202,6546,36.002539682539684,37.99945578231293,33,16,35,16,0.48484848484848486,0.45714285714285713,True,True,76.878613,1,0
voice_0db,clean-t02,t02,6546,6891,37.99945578231293,40.0021768707483,45,25,40,25,0.5555555555555556,0.625,True,True,87.654321,3,1
voice_0db,clean-t02,t02,6891,7235,40.0021768707483,41.999092970521545,39,18,36,18,0.46153846153846156,0.5,True,True,88.919668,2,1
voice_0db,clean-t03,t03,10336,10680,60.00036281179138,61.99727891156463,46,16,38,16,0.34782608695652173,0.42105263157894735,False,True,59.183673,0,0
voice_0db,clean-t03,t03,10680,11025,61.99727891156463,64.0,42,15,41,15,0.35714285714285715,0.36585365853658536,False,True,65.517241,0,0
voice_0db,clean-t03,t03,11025,11370,64.0,66.00272108843538,55,21,48,21,0.38181818181818183,0.4375,False,True,74.193548,0,0
voice_0db,clean-t03,t03,11370,11714,66.00272108843538,67.99963718820862,45,19,39,19,0.4222222222222222,0.48717948717948717,True,True,80.487805,2,0
voice_0db,clean-t04,t04,14815,15159,86.00090702947846,87.9978231292517,29,11,20,11,0.3793103448275862,0.55,False,True,64.285714,0,0
voice_0db,clean-t04,t04,15159,15504,87.9978231292517,90.00054421768708,33,19,29,19,0.5757575757575758,0.6551724137931034,True,True,83.40249,1,0
voice_0db,clean-t04,t04,15504,15848,90.00054421768708,91.99746031746032,33,17,27,17,0.5151515151515151,0.6296296296296297,True,True,87.951807,1,0
voice_0db,clean-t04,t04,15848,16193,91.99746031746032,94.00018140589569,27,18,25,18,0.6666666666666666,0.72,True,True,93.620415,1,1
voice_0db,clean-t05,t05,19294,19638,112.00145124716553,113.99836734693878,37,19,34,19,0.5135135135135135,0.5588235294117647,True,True,63.636364,0,0
voice_0db,clean-t05,t05,19638,19983,113.99836734693878,116.00108843537414,46,24,38,24,0.5217391304347826,0.631578947368421,True,True,71.223022,1,0
voice_0db,clean-t05,t05,19983,20327,116.00108843537414,117.99800453514739,47,26,38,26,0.5531914893617021,0.6842105263157895,True,True,75.15528,3,1
voice_0db,clean-t05,t05,20327,20672,117.99800453514739,120.00072562358277,47,23,37,23,0.48936170212765956,0.6216216216216216,True,True,80.582524,2,1
voice_0db,clean-t06,t06,23773,24117,138.0019954648526,139.99891156462584,40,18,31,18,0.45,0.5806451612903226,True,True,76.470588,1,0
voice_0db,clean-t06,t06,24117,24462,139.99891156462584,142.00163265306122,35,14,33,14,0.4,0.42424242424242425,True,True,80.19802,1,1
voice_0db,clean-t06,t06,24462,24806,142.00163265306122,143.99854875283447,45,16,36,16,0.35555555555555557,0.4444444444444444,False,True,84.313725,0,1
voice_0db,clean-t06,t06,24806,25151,143.99854875283447,146.00126984126985,40,14,35,14,0.35,0.4,False,True,86.062718,0,1
voice_0db,clean-t07,t07,28252,28596,164.0025396825397,165.99945578231294,41,22,40,22,0.5365853658536586,0.55,True,True,71.223022,1,0
voice_0db,clean-t07,t07,28596,28941,165.99945578231294,168.0021768707483,47,26,44,26,0.5531914893617021,0.5909090909090909,True,True,80.676329,1,1
voice_0db,clean-t07,t07,28941,29285,168.0021768707483,169.99909297052153,46,24,44,24,0.5217391304347826,0.5454545454545454,True,True,89.924433,1,1
voice_0db,clean-t07,t07,29285,29630,169.99909297052153,172.0018140589569,47,19,35,19,0.40425531914893614,0.5428571428571428,True,True,91.32321,1,1
voice_0db,clean-t08,t08,32730,33075,189.99727891156462,192.0,36,22,33,22,0.6111111111111112,0.6666666666666666,True,True,89.071038,1,0
voice_0db,clean-t08,t08,33075,33420,192.0,194.00272108843538,42,23,29,23,0.5476190476190477,0.7931034482758621,True,True,92.141454,1,1
voice_0db,clean-t08,t08,33420,33764,194.00272108843538,195.99963718820862,44,29,36,29,0.6590909090909091,0.8055555555555556,True,True,94.784876,1,1
voice_0db,clean-t08,t08,33764,34109,195.99963718820862,198.002358276644,35,20,22,20,0.5714285714285714,0.9090909090909091,True,True,95.731057,1,1
voice_0db,clean-t09,t09,37209,37554,215.9978231292517,218.00054421768706,46,14,43,14,0.30434782608695654,0.32558139534883723,False,True,48.051948,0,0
voice_0db,clean-t09,t09,37554,37898,218.00054421768706,219.9974603174603,40,12,37,12,0.3,0.32432432432432434,False,True,51.219512,0,0
voice_0db,clean-t09,t09,37898,38243,219.9974603174603,222.0001814058957,43,13,44,13,0.3023255813953488,0.29545454545454547,False,True,61.165049,0,0
voice_0db,clean-t09,t09,38243,38588,222.0001814058957,224.00290249433107,43,14,39,14,0.32558139534883723,0.358974358974359,False,True,70.149254,0,0
voice_0db,clean-t10,t10,41688,42033,241.99836734693878,244.00108843537416,40,17,43,17,0.425,0.3953488372093023,True,True,63.963964,0,0
voice_0db,clean-t10,t10,42033,42377,244.00108843537416,245.9980045351474,36,15,41,15,0.4166666666666667,0.36585365853658536,True,True,71.014493,1,0
voice_0db,clean-t10,t10,42377,42722,245.9980045351474,248.00072562358275,39,18,33,18,0.46153846153846156,0.5454545454545454,True,True,81.132075,1,1
voice_0db,clean-t10,t10,42722,43066,248.00072562358275,249.997641723356,39,15,35,15,0.38461538461538464,0.42857142857142855,False,True,82.978723,0,1
voice_0db,clean-t11,t11,46167,46512,267.99891156462587,270.0016326530612,37,16,34,16,0.43243243243243246,0.47058823529411764,True,True,75.460123,1,0
voice_0db,clean-t11,t11,46512,46856,270.0016326530612,271.9985487528345,35,11,24,11,0.3142857142857143,0.4583333333333333,False,True,79.274611,0,1
voice_0db,clean-t11,t11,46856,47201,271.9985487528345,274.00126984126985,36,19,36,19,0.5277777777777778,0.5277777777777778,True,True,87.841945,1,1
voice_0db,clean-t11,t11,47201,47545,274.00126984126985,275.99818594104306,43,22,35,22,0.5116279069767442,0.6285714285714286,True,True,90.825688,1,1
voice_0db,clean-t12,t12,50646,50991,293.9994557823129,296.0021768707483,40,19,42,19,0.475,0.4523809523809524,True,True,65.517241,0,0
voice_0db,clean-t12,t12,50991,51335,296.0021768707483,297.99909297052153,42,17,40,17,0.40476190476190477,0.425,True,True,71.830986,1,0
voice_0db,clean-t12,t12,51335,51680,297.99909297052153,300.00181405895694,47,20,38,20,0.425531914893617,0.5263157894736842,True,True,86.970684,2,1
voice_0db,clean-t12,t12,51680,52024,300.00181405895694,301.99873015873015,40,18,30,18,0.45,0.6,True,True,89.795918,1,1
voice_0db,clean-t13,t13,55125,55470,320.0,322.00272108843535,42,22,40,22,0.5238095238095238,0.55,True,True,72.027972,1,0
voice_0db,clean-t13,t13,55470,55814,322.00272108843535,323.9996371882086,47,23,42,23,0.48936170212765956,0.5476190476190477,True,True,81.395349,1,0
voice_0db,clean-t13,t13,55814,56159,323.9996371882086,326.002358276644,44,20,49,20,0.45454545454545453,0.40816326530612246,True,True,85.915493,1,1
voice_0db,clean-t13,t13,56159,56503,326.002358276644,327.99927437641725,39,20,47,20,0.5128205128205128,0.425531914893617,True,True,88.304094,1,1
voice_0db,clean-t14,t14,59604,59948,346.0005442176871,347.9974603174603,38,20,34,20,0.5263157894736842,0.5882352941176471,True,True,86.885246,1,0
voice_0db,clean-t14,t14,59948,60293,347.9974603174603,350.0001814058957,44,31,39,31,0.7045454545454546,0.7948717948717948,True,True,93.517018,2,1
voice_0db,clean-t14,t14,60293,60638,350.0001814058957,352.00290249433107,42,28,35,28,0.6666666666666666,0.8,True,True,95.979899,2,1
voice_0db,clean-t14,t14,60638,60982,352.00290249433107,353.9998185941043,36,20,31,20,0.5555555555555556,0.6451612903225806,True,True,96.539792,3,1
voice_0db,clean-t15,t15,64083,64427,372.00108843537413,373.9980045351474,39,11,32,11,0.28205128205128205,0.34375,False,False,41.176471,0,0
voice_0db,clean-t15,t15,64427,64772,373.9980045351474,376.00072562358275,34,10,24,10,0.29411764705882354,0.4166666666666667,False,False,48.051948,0,0
voice_0db,clean-t15,t15,64772,65116,376.00072562358275,377.997641723356,39,8,31,8,0.20512820512820512,0.25806451612903225,False,False,50.0,0,0
voice_0db,clean-t15,t15,65116,65461,377.997641723356,380.0003628117914,38,9,24,9,0.23684210526315788,0.375,False,False,55.555556,0,0
voice_0db,clean-t16,t16,68562,68906,398.0016326530612,399.9985487528345,43,20,39,20,0.46511627906976744,0.5128205128205128,True,True,71.631206,1,0
voice_0db,clean-t16,t16,68906,69251,399.9985487528345,402.00126984126985,46,25,40,25,0.5434782608695652,0.625,True,True,80.769231,1,1
voice_0db,clean-t16,t16,69251,69595,402.00126984126985,403.99818594104306,46,20,40,20,0.43478260869565216,0.5,True,True,84.251969,2,1
voice_0db,clean-t16,t16,69595,69940,403.99818594104306,406.00090702947847,46,21,32,21,0.45652173913043476,0.65625,True,True,87.381703,1,1
voice_0db,clean-t17,t17,73041,73385,424.0021768707483,425.99909297052153,47,25,37,25,0.5319148936170213,0.6756756756756757,True,True,85.018727,1,0
voice_0db,clean-t17,t17,73385,73730,425.99909297052153,428.00181405895694,47,26,44,26,0.5531914893617021,0.5909090909090909,True,True,88.372093,2,1
voice_0db,clean-t17,t17,73730,74074,428.00181405895694,429.99873015873015,54,29,45,29,0.5370370370370371,0.6444444444444445,True,True,92.714026,2,1
voice_0db,clean-t17,t17,74074,74419,429.99873015873015,432.0014512471655,40,17,31,17,0.425,0.5483870967741935,True,True,93.579454,2,1
voice_0db,clean-t18,t18,77520,77864,450.00272108843535,451.9996371882086,46,27,42,27,0.5869565217391305,0.6428571428571429,True,True,84.615385,1,0
voice_0db,clean-t18,t18,77864,78209,451.9996371882086,454.002358276644,45,24,40,24,0.5333333333333333,0.6,True,True,88.700565,1,1
voice_0db,clean-t18,t18,78209,78553,454.002358276644,455.99927437641725,45,23,41,23,0.5111111111111111,0.5609756097560976,True,True,91.43469,2,1
voice_0db,clean-t18,t18,78553,78898,455.99927437641725,458.0019954648526,49,26,45,26,0.5306122448979592,0.5777777777777777,True,True,92.687386,2,1
voice_0db,clean-t19,t19,81998,82343,475.9974603174603,478.0001814058957,41,20,33,20,0.4878048780487805,0.6060606060606061,True,True,70.37037,1,0
voice_0db,clean-t19,t19,82343,82688,478.0001814058957,480.00290249433107,40,22,40,22,0.55,0.55,True,True,83.333333,1,1
voice_0db,clean-t19,t19,82688,83032,480.00290249433107,481.9998185941043,37,19,33,19,0.5135135135135135,0.5757575757575758,True,True,88.795518,1,1
voice_0db,clean-t19,t19,83032,83377,481.9998185941043,484.0025396825397,48,29,45,29,0.6041666666666666,0.6444444444444445,True,True,92.805755,1,1
voice_0db,clean-t20,t20,86477,86822,501.9980045351474,504.00072562358275,34,9,29,9,0.2647058823529412,0.3103448275862069,False,False,20.0,0,0
voice_0db,clean-t20,t20,86822,87166,504.00072562358275,505.997641723356,38,12,38,12,0.3157894736842105,0.3157894736842105,False,True,45.945946,0,0
voice_0db,clean-t20,t20,87166,87511,505.997641723356,508.0003628117914,49,18,42,18,0.3673469387755102,0.42857142857142855,False,True,62.962963,0,0
voice_0db,clean-t20,t20,87511,87855,508.0003628117914,509.99727891156465,50,15,37,15,0.3,0.40540540540540543,False,True,67.479675,0,0
voice_0db,clean-t21,t21,90956,91301,527.9985487528345,530.0012698412698,51,20,50,20,0.39215686274509803,0.4,False,True,63.963964,0,0
voice_0db,clean-t21,t21,91301,91645,530.0012698412698,531.9981859410431,48,24,51,24,0.5,0.47058823529411764,True,True,77.653631,2,0
voice_0db,clean-t21,t21,91645,91990,531.9981859410431,534.0009070294784,51,22,49,22,0.43137254901960786,0.4489795918367347,True,True,83.40249,1,0
voice_0db,clean-t21,t21,91990,92334,534.0009070294784,535.9978231292517,57,30,53,30,0.5263157894736842,0.5660377358490566,True,True,90.074442,1,1
voice_0db,clean-t22,t22,95435,95780,553.9990929705216,556.0018140589569,39,13,30,13,0.3333333333333333,0.43333333333333335,False,True,50.617284,0,0
voice_0db,clean-t22,t22,95780,96124,556.0018140589569,557.9987301587302,37,16,37,16,0.43243243243243246,0.43243243243243246,True,True,63.636364,0,0
voice_0db,clean-t22,t22,96124,96469,557.9987301587302,560.0014512471655,34,10,30,10,0.29411764705882354,0.3333333333333333,False,False,70.149254,0,0
voice_0db,clean-t22,t22,96469,96813,560.0014512471655,561.9983673469387,37,16,35,16,0.43243243243243246,0.45714285714285713,True,True,79.057592,1,0
combined,clean-t01,t01,1378,1723,7.999274376417233,10.001995464852607,31,5,15,5,0.16129032258064516,0.3333333333333333,False,False,27.272727,0,0
combined,clean-t01,t01,1723,2067,10.001995464852607,11.99891156462585,34,9,23,9,0.2647058823529412,0.391304347826087,False,False,38.461538,0,0
combined,clean-t01,t01,2067,2412,11.99891156462585,14.001632653061224,33,15,26,15,0.45454545454545453,0.5769230769230769,True,True,56.521739,0,0
combined,clean-t01,t01,2412,2756,14.001632653061224,15.998548752834466,37,9,24,9,0.24324324324324326,0.375,False,False,64.912281,0,0
combined,clean-t01,t01,2756,3101,15.998548752834466,18.001269841269842,40,18,27,18,0.45,0.6666666666666666,True,True,68.253968,0,0
combined,clean-t02,t02,6202,6546,36.002539682539684,37.99945578231293,38,15,31,15,0.39473684210526316,0.4838709677419355,False,True,75.609756,1,0
combined,clean-t02,t02,6546,6891,37.99945578231293,40.0021768707483,40,23,31,21,0.575,0.6774193548387096,True,True,81.900452,1,1
combined,clean-t02,t02,6891,7235,40.0021768707483,41.999092970521545,32,16,31,16,0.5,0.5161290322580645,True,True,85.507246,1,1
combined,clean-t02,t02,7235,7580,41.999092970521545,44.00181405895692,40,22,38,22,0.55,0.5789473684210527,True,True,88.16568,1,1
combined,clean-t03,t03,10680,11025,61.99727891156463,64.0,42,18,40,17,0.42857142857142855,0.425,True,True,58.762887,0,0
combined,clean-t03,t03,11025,11370,64.0,66.00272108843538,41,18,38,18,0.43902439024390244,0.47368421052631576,True,True,63.302752,0,0
combined,clean-t03,t03,11370,11714,66.00272108843538,67.99963718820862,39,13,33,13,0.3333333333333333,0.3939393939393939,False,True,68.75,0,0
combined,clean-t03,t03,11714,12059,67.99963718820862,70.00235827664399,37,20,46,20,0.5405405405405406,0.43478260869565216,True,True,79.487179,1,0
combined,clean-t03,t03,12059,12403,70.00235827664399,71.99927437641723,35,15,30,15,0.42857142857142855,0.5,True,True,81.73516,1,0
combined,clean-t04,t04,15504,15848,90.00054421768708,91.99746031746032,29,11,23,11,0.3793103448275862,0.4782608695652174,False,True,40.298507,0,0
combined,clean-t04,t04,15848,16193,91.99746031746032,94.00018140589569,40,16,22,16,0.4,0.7272727272727273,True,True,71.223022,0,0
combined,clean-t04,t04,16193,16538,94.00018140589569,96.00290249433107,36,15,26,14,0.4166666666666667,0.5384615384615384,True,True,77.40113,1,0
combined,clean-t04,t04,16538,16882,96.00290249433107,97.99981859410431,27,8,17,8,0.2962962962962963,0.47058823529411764,False,False,78.947368,0,0
combined,clean-t04,t04,16882,17227,97.99981859410431,100.00253968253968,37,13,26,13,0.35135135135135137,0.5,False,True,79.274611,0,0
combined,clean-t05,t05,20327,20672,117.99800453514739,120.00072562358277,37,17,27,17,0.4594594594594595,0.6296296296296297,True,True,75.903614,1,0
combined,clean-t05,t05,20672,21016,120.00072562358277,121.99764172335601,40,25,33,25,0.625,0.7575757575757576,True,True,85.454545,3,1
combined,clean-t05,t05,21016,21361,121.99764172335601,124.00036281179138,36,26,33,26,0.7222222222222222,0.7878787878787878,True,True,90.654206,3,1
combined,clean-t05,t05,21361,21705,124.00036281179138,125.99727891156462,40,27,34,27,0.675,0.7941176470588235,True,True,92.277992,3,1
combined,clean-t06,t06,24806,25151,143.99854875283447,146.00126984126985,36,15,30,15,0.4166666666666667,0.5,True,True,60.0,0,0
combined,clean-t06,t06,25151,25495,146.00126984126985,147.9981859410431,39,15,27,15,0.38461538461538464,0.5555555555555556,False,True,73.154362,1,0
combined,clean-t06,t06,25495,25840,147.9981859410431,150.00090702947847,39,15,34,14,0.38461538461538464,0.4117647058823529,False,True,79.79798,0,1
combined,clean-t06,t06,25840,26184,150.00090702947847,151.9978231292517,40,18,30,18,0.45,0.6,True,True,85.714286,1,1
combined,clean-t06,t06,26184,26529,151.9978231292517,154.00054421768706,39,16,32,16,0.41025641025641024,0.5,True,True,86.754967,1,1
combined,clean-t07,t07,29630,29974,172.0018140589569,173.99873015873015,37,14,34,14,0.3783783783783784,0.4117647058823529,False,True,36.507937,0,0
combined,clean-t07,t07,29974,30319,173.99873015873015,176.00145124716553,50,23,38,23,0.46,0.6052631578947368,True,True,67.741935,0,0
combined,clean-t07,t07,30319,30663,176.00145124716553,177.99836734693878,41,19,40,19,0.4634146341463415,0.475,True,True,81.56682,1,0
combined,clean-t07,t07,30663,31008,177.99836734693878,180.00108843537416,44,17,34,17,0.38636363636363635,0.5,False,True,83.122363,1,1
combined,clean-t07,t07,31008,31352,180.00108843537416,181.9980045351474,45,13,31,13,0.28888888888888886,0.41935483870967744,False,False,84.063745,0,0
combined,clean-t08,t08,34453,34798,199.99927437641725,202.0019954648526,36,16,28,16,0.4444444444444444,0.5714285714285714,True,True,62.962963,0,0
combined,clean-t08,t08,34798,35142,202.0019954648526,203.99891156462584,41,20,29,20,0.4878048780487805,0.6896551724137931,True,True,78.021978,1,0
combined,clean-t08,t08,35142,35487,203.99891156462584,206.00163265306122,38,18,28,18,0.47368421052631576,0.6428571428571429,True,True,83.935743,1,1
combined,clean-t08,t08,35487,35831,206.00163265306122,207.99854875283447,36,12,23,12,0.3333333333333333,0.5217391304347826,False,True,85.018727,0,1
combined,clean-t09,t09,39277,39621,228.0025396825397,229.99945578231294,40,17,35,17,0.425,0.4857142857142857,True,True,69.230769,0,0
combined,clean-t09,t09,39621,39966,229.99945578231294,232.0021768707483,42,18,31,18,0.42857142857142855,0.5806451612903226,True,True,78.26087,1,0
combined,clean-t09,t09,39966,40310,232.0021768707483,233.99909297052153,39,19,35,19,0.48717948717948717,0.5428571428571428,True,True,84.189723,1,1
combined,clean-t09,t09,40310,40655,233.99909297052153,236.0018140589569,41,23,39,23,0.5609756097560976,0.5897435897435898,True,True,88.130564,1,1
combined,clean-t10,t10,43755,44100,253.99727891156462,256.0,43,20,37,20,0.46511627906976744,0.5405405405405406,True,True,55.05618,0,0
combined,clean-t10,t10,44100,44445,256.0,258.00272108843535,46,19,36,19,0.41304347826086957,0.5277777777777778,True,True,79.79798,1,0
combined,clean-t10,t10,44445,44789,258.00272108843535,259.9996371882086,37,24,34,24,0.6486486486486487,0.7058823529411765,True,True,88.857939,1,1
combined,clean-t10,t10,44789,45134,259.9996371882086,262.002358276644,36,17,31,17,0.4722222222222222,0.5483870967741935,True,True,90.804598,1,1
combined,clean-t10,t10,45134,45478,262.002358276644,263.99927437641725,44,21,34,20,0.4772727272727273,0.5882352941176471,True,True,91.769547,1,1
combined,clean-t11,t11,48579,48923,282.0005442176871,283.9974603174603,34,7,29,6,0.20588235294117646,0.20689655172413793,False,False,35.483871,0,0
combined,clean-t11,t11,48923,49268,283.9974603174603,286.0001814058957,42,11,23,11,0.2619047619047619,0.4782608695652174,False,False,43.661972,0,0
combined,clean-t11,t11,49268,49613,286.0001814058957,288.00290249433107,40,19,28,18,0.475,0.6428571428571429,True,True,79.166667,1,0
combined,clean-t11,t11,49613,49957,288.00290249433107,289.9998185941043,41,18,36,18,0.43902439024390244,0.5,True,True,82.300885,1,0
combined,clean-t12,t12,53402,53747,309.9980045351474,312.00072562358275,47,23,37,23,0.48936170212765956,0.6216216216216216,True,True,74.193548,1,0
combined,clean-t12,t12,53747,54091,312.00072562358275,313.997641723356,44,23,33,23,0.5227272727272727,0.696969696969697,True,True,85.865724,1,0
combined,clean-t12,t12,54091,54436,313.997641723356,316.0003628117914,42,21,32,19,0.5,0.59375,True,True,89.417989,2,1
combined,clean-t12,t12,54436,54780,316.0003628117914,317.99727891156465,50,21,31,21,0.42,0.6774193548387096,True,True,91.43469,1,1
combined,clean-t13,t13,57881,58226,335.9985487528345,338.00126984126985,33,16,37,15,0.48484848484848486,0.40540540540540543,True,True,60.0,0,0
combined,clean-t13,t13,58226,58570,338.00126984126985,339.99818594104306,31,13,34,13,0.41935483870967744,0.38235294117647056,True,True,70.588235,1,0
combined,clean-t13,t13,58570,58915,339.99818594104306,342.00090702947847,39,19,37,18,0.48717948717948717,0.4864864864864865,True,True,81.042654,1,1
combined,clean-t13,t13,58915,59259,342.00090702947847,343.9978231292517,36,19,42,19,0.5277777777777778,0.4523809523809524,True,True,84.848485,1,1
combined,clean-t13,t13,59259,59604,343.9978231292517,346.0005442176871,38,18,38,18,0.47368421052631576,0.47368421052631576,True,True,86.970684,1,1
combined,clean-t14,t14,62705,63049,364.00181405895694,365.99873015873015,35,18,32,16,0.5142857142857142,0.5,True,True,70.37037,1,0
combined,clean-t14,t14,63049,63394,365.99873015873015,368.0014512471655,42,20,34,20,0.47619047619047616,0.5882352941176471,True,True,84.126984,2,1
combined,clean-t14,t14,63394,63738,368.0014512471655,369.9983673469388,35,21,34,20,0.6,0.5882352941176471,True,True,88.372093,2,1
combined,clean-t14,t14,63738,64083,369.9983673469388,372.00108843537413,32,19,27,19,0.59375,0.7037037037037037,True,True,91.091314,2,1
combined,clean-t15,t15,67528,67873,391.99927437641725,394.0019954648526,32,14,30,14,0.4375,0.4666666666666667,True,True,70.588235,1,0
combined,clean-t15,t15,67873,68217,394.0019954648526,395.99891156462587,33,12,24,12,0.36363636363636365,0.5,False,True,74.193548,0,1
combined,clean-t15,t15,68217,68562,395.99891156462587,398.0016326530612,32,13,28,13,0.40625,0.4642857142857143,True,True,78.609626,1,1
combined,clean-t15,t15,68562,68906,398.0016326530612,399.9985487528345,33,12,21,12,0.36363636363636365,0.5714285714285714,False,True,82.378855,0,1
combined,clean-t16,t16,72007,72352,417.9998185941043,420.0025396825397,37,16,26,16,0.43243243243243246,0.6153846153846154,True,True,61.538462,0,0
combined,clean-t16,t16,72352,72696,420.0025396825397,421.9994557823129,43,19,39,19,0.4418604651162791,0.48717948717948717,True,True,74.193548,0,0
combined,clean-t16,t16,72696,73041,421.9994557823129,424.0021768707483,44,18,31,18,0.4090909090909091,0.5806451612903226,True,True,76.608187,0,0
combined,clean-t16,t16,73041,73385,424.0021768707483,425.99909297052153,41,18,36,17,0.43902439024390244,0.4722222222222222,True,True,80.0,0,0
combined,clean-t16,t16,73385,73730,425.99909297052153,428.00181405895694,37,14,27,14,0.3783783783783784,0.5185185185185185,False,True,81.042654,1,0
combined,clean-t17,t17,76830,77175,445.99727891156465,448.0,41,18,36,17,0.43902439024390244,0.4722222222222222,True,True,51.807229,0,0
combined,clean-t17,t17,77175,77520,448.0,450.00272108843535,42,14,37,14,0.3333333333333333,0.3783783783783784,False,True,59.59596,0,0
combined,clean-t17,t17,77520,77864,450.00272108843535,451.9996371882086,39,15,42,15,0.38461538461538464,0.35714285714285715,False,True,73.856209,1,0
combined,clean-t17,t17,77864,78209,451.9996371882086,454.002358276644,32,13,28,13,0.40625,0.4642857142857143,True,True,78.021978,2,0
combined,clean-t17,t17,78209,78553,454.002358276644,455.99927437641725,39,17,32,17,0.4358974358974359,0.53125,True,True,83.805668,3,1
combined,clean-t18,t18,81654,81998,474.0005442176871,475.9974603174603,43,19,35,19,0.4418604651162791,0.5428571428571428,True,True,65.517241,0,0
combined,clean-t18,t18,81998,82343,475.9974603174603,478.0001814058957,46,18,37,18,0.391304347826087,0.4864864864864865,False,True,73.856209,0,0
combined,clean-t18,t18,82343,82688,478.0001814058957,480.00290249433107,38,15,31,15,0.39473684210526316,0.4838709677419355,False,True,80.099502,0,0
combined,clean-t18,t18,82688,83032,480.00290249433107,481.9998185941043,44,13,42,13,0.29545454545454547,0.30952380952380953,False,False,81.56682,0,0
combined,clean-t19,t19,86133,86477,500.00108843537413,501.9980045351474,34,13,25,13,0.38235294117647056,0.52,False,True,33.333333,0,0
combined,clean-t19,t19,86477,86822,501.9980045351474,504.00072562358275,31,15,33,15,0.4838709677419355,0.45454545454545453,True,True,50.617284,0,0
combined,clean-t19,t19,86822,87166,504.00072562358275,505.997641723356,38,14,29,14,0.3684210526315789,0.4827586206896552,False,True,68.992248,0,0
combined,clean-t19,t19,87166,87511,505.997641723356,508.0003628117914,42,14,31,14,0.3333333333333333,0.45161290322580644,False,True,73.509934,0,0
combined,clean-t19,t19,87511,87855,508.0003628117914,509.99727891156465,43,20,41,20,0.46511627906976744,0.4878048780487805,True,True,77.777778,1,0
combined,clean-t20,t20,90956,91301,527.9985487528345,530.0012698412698,32,16,28,16,0.5,0.5714285714285714,True,True,69.69697,0,0
combined,clean-t20,t20,91301,91645,530.0012698412698,531.9981859410431,42,17,28,17,0.40476190476190477,0.6071428571428571,True,True,75.15528,0,0
combined,clean-t20,t20,91645,91990,531.9981859410431,534.0009070294784,33,17,41,17,0.5151515151515151,0.4146341463414634,True,True,80.952381,1,0
combined,clean-t20,t20,91990,92334,534.0009070294784,535.9978231292517,47,20,34,20,0.425531914893617,0.5882352941176471,True,True,84.435798,1,0
combined,clean-t20,t20,92334,92679,535.9978231292517,538.0005442176871,42,18,28,18,0.42857142857142855,0.6428571428571429,True,True,84.90566,1,1
combined,clean-t21,t21,95780,96124,556.0018140589569,557.9987301587302,46,21,47,21,0.45652173913043476,0.44680851063829785,True,True,72.027972,1,0
combined,clean-t21,t21,96124,96469,557.9987301587302,560.0014512471655,43,21,38,20,0.4883720930232558,0.5263157894736842,True,True,79.274611,2,1
combined,clean-t21,t21,96469,96813,560.0014512471655,561.9983673469387,42,24,38,24,0.5714285714285714,0.631578947368421,True,True,86.885246,1,1
combined,clean-t21,t21,96813,97158,561.9983673469387,564.0010884353742,49,29,49,28,0.5918367346938775,0.5714285714285714,True,True,91.051454,1,1
combined,clean-t22,t22,100259,100603,582.002358276644,583.9992743764172,27,9,26,9,0.3333333333333333,0.34615384615384615,False,True,28.571429,0,0
combined,clean-t22,t22,100603,100948,583.9992743764172,586.0019954648526,41,18,31,18,0.43902439024390244,0.5806451612903226,True,True,73.509934,1,0
combined,clean-t22,t22,100948,101292,586.0019954648526,587.9989115646258,43,18,34,18,0.4186046511627907,0.5294117647058824,True,True,78.609626,1,0
combined,clean-t22,t22,101292,101637,587.9989115646258,590.0016326530613,31,7,25,7,0.22580645161290322,0.28,False,False,78.835979,0,0
combined,clean-t22,t22,101637,101981,590.0016326530613,591.9985487528345,34,10,29,9,0.29411764705882354,0.3103448275862069,False,False,80.295567,0,0
